Domain Code,Domain,Area Code (M49),Area,Element Code,Element,Months Code,Months,Year Code,Year,Unit,Value,Flag,Flag Description
"ET","Temperature change on land","021","Northern America","7271","Temperature change","7001","January","1961","1961","°C","0.662","E","Estimated value"
"ET","Temperature change on land","021","Northern America","7271","Temperature change","7001","January","1962","1962","°C","-0.461","E","Estimated value"
"ET","Temperature change on land","021","Northern America","7271","Temperature change","7001","January","1963","1963","°C","-0.498","E","Estimated value"
"ET","Temperature change on land","021","Northern America","7271","Temperature change","7001","January","1964","1964","°C","1.306","E","Estimated value"
"ET","Temperature change on land","021","Northern America","7271","Temperature change","7001","January","1965","1965","°C","-0.043","E","Estimated value"
"ET","Temperature change on land","021","Northern America","7271","Temperature change","7001","January","1966","1966","°C","-2.325","E","Estimated value"
"ET","Temperature change on land","021","Northern America","7271","Temperature change","7001","January","1967","1967","°C","1.011","E","Estimated value"
"ET","Temperature change on land","021","Northern America","7271","Temperature change","7001","January","1968","1968","°C","-0.526","E","Estimated value"
"ET","Temperature change on land","021","Northern America","7271","Temperature change","7001","January","1969","1969","°C","-0.875","E","Estimated value"
"ET","Temperature change on land","021","Northern America","7271","Temperature change","7001","January","1970","1970","°C","-0.671","E","Estimated value"
"ET","Temperature change on land","021","Northern America","7271","Temperature change","7001","January","1971","1971","°C","-1.273","E","Estimated value"
"ET","Temperature change on land","021","Northern America","7271","Temperature change","7001","January","1972","1972","°C","-1.921","E","Estimated value"
"ET","Temperature change on land","021","Northern America","7271","Temperature change","7001","January","1973","1973","°C","0.948","E","Estimated value"
"ET","Temperature change on land","021","Northern America","7271","Temperature change","7001","January","1974","1974","°C","-1.371","E","Estimated value"
"ET","Temperature change on land","021","Northern America","7271","Temperature change","7001","January","1975","1975","°C","-0.482","E","Estimated value"
"ET","Temperature change on land","021","Northern America","7271","Temperature change","7001","January","1976","1976","°C","0.458","E","Estimated value"
"ET","Temperature change on land","021","Northern America","7271","Temperature change","7001","January","1977","1977","°C","1.379","E","Estimated value"
"ET","Temperature change on land","021","Northern America","7271","Temperature change","7001","January","1978","1978","°C","-0.013","E","Estimated value"
"ET","Temperature change on land","021","Northern America","7271","Temperature change","7001","January","1979","1979","°C","-0.169","E","Estimated value"
"ET","Temperature change on land","021","Northern America","7271","Temperature change","7001","January","1980","1980","°C","0.914","E","Estimated value"
"ET","Temperature change on land","021","Northern America","7271","Temperature change","7001","January","1981","1981","°C","4.84","E","Estimated value"
"ET","Temperature change on land","021","Northern America","7271","Temperature change","7001","January","1982","1982","°C","-2.87","E","Estimated value"
"ET","Temperature change on land","021","Northern America","7271","Temperature change","7001","January","1983","1983","°C","1.312","E","Estimated value"
"ET","Temperature change on land","021","Northern America","7271","Temperature change","7001","January","1984","1984","°C","-0.126","E","Estimated value"
"ET","Temperature change on land","021","Northern America","7271","Temperature change","7001","January","1985","1985","°C","2.266","E","Estimated value"
"ET","Temperature change on land","021","Northern America","7271","Temperature change","7001","January","1986","1986","°C","2.619","E","Estimated value"
"ET","Temperature change on land","021","Northern America","7271","Temperature change","7001","January","1987","1987","°C","3.167","E","Estimated value"
"ET","Temperature change on land","021","Northern America","7271","Temperature change","7001","January","1988","1988","°C","0.232","E","Estimated value"
"ET","Temperature change on land","021","Northern America","7271","Temperature change","7001","January","1989","1989","°C","0.376","E","Estimated value"
"ET","Temperature change on land","021","Northern America","7271","Temperature change","7001","January","1990","1990","°C","2.061","E","Estimated value"
"ET","Temperature change on land","021","Northern America","7271","Temperature change","7001","January","1991","1991","°C","-0.748","E","Estimated value"
"ET","Temperature change on land","021","Northern America","7271","Temperature change","7001","January","1992","1992","°C","2.667","E","Estimated value"
"ET","Temperature change on land","021","Northern America","7271","Temperature change","7001","January","1993","1993","°C","1.002","E","Estimated value"
"ET","Temperature change on land","021","Northern America","7271","Temperature change","7001","January","1994","1994","°C","-1.36","E","Estimated value"
"ET","Temperature change on land","021","Northern America","7271","Temperature change","7001","January","1995","1995","°C","2.803","E","Estimated value"
"ET","Temperature change on land","021","Northern America","7271","Temperature change","7001","January","1996","1996","°C","-1.443","E","Estimated value"
"ET","Temperature change on land","021","Northern America","7271","Temperature change","7001","January","1997","1997","°C","0.279","E","Estimated value"
"ET","Temperature change on land","021","Northern America","7271","Temperature change","7001","January","1998","1998","°C","0.914","E","Estimated value"
"ET","Temperature change on land","021","Northern America","7271","Temperature change","7001","January","1999","1999","°C","1.297","E","Estimated value"
"ET","Temperature change on land","021","Northern America","7271","Temperature change","7001","January","2000","2000","°C","1.353","E","Estimated value"
"ET","Temperature change on land","021","Northern America","7271","Temperature change","7001","January","2001","2001","°C","3.601","E","Estimated value"
"ET","Temperature change on land","021","Northern America","7271","Temperature change","7001","January","2002","2002","°C","2.534","E","Estimated value"
"ET","Temperature change on land","021","Northern America","7271","Temperature change","7001","January","2003","2003","°C","2.824","E","Estimated value"
"ET","Temperature change on land","021","Northern America","7271","Temperature change","7001","January","2004","2004","°C","-0.643","E","Estimated value"
"ET","Temperature change on land","021","Northern America","7271","Temperature change","7001","January","2005","2005","°C","0.897","E","Estimated value"
"ET","Temperature change on land","021","Northern America","7271","Temperature change","7001","January","2006","2006","°C","4.481","E","Estimated value"
"ET","Temperature change on land","021","Northern America","7271","Temperature change","7001","January","2007","2007","°C","3.005","E","Estimated value"
"ET","Temperature change on land","021","Northern America","7271","Temperature change","7001","January","2008","2008","°C","1.451","E","Estimated value"
"ET","Temperature change on land","021","Northern America","7271","Temperature change","7001","January","2009","2009","°C","1.065","E","Estimated value"
"ET","Temperature change on land","021","Northern America","7271","Temperature change","7001","January","2010","2010","°C","3.044","E","Estimated value"
"ET","Temperature change on land","021","Northern America","7271","Temperature change","7001","January","2011","2011","°C","2.222","E","Estimated value"
"ET","Temperature change on land","021","Northern America","7271","Temperature change","7001","January","2012","2012","°C","2.38","E","Estimated value"
"ET","Temperature change on land","021","Northern America","7271","Temperature change","7001","January","2013","2013","°C","2.002","E","Estimated value"
"ET","Temperature change on land","021","Northern America","7271","Temperature change","7001","January","2014","2014","°C","2.57","E","Estimated value"
"ET","Temperature change on land","021","Northern America","7271","Temperature change","7001","January","2015","2015","°C","1.934","E","Estimated value"
"ET","Temperature change on land","021","Northern America","7271","Temperature change","7001","January","2016","2016","°C","4.391","E","Estimated value"
"ET","Temperature change on land","021","Northern America","7271","Temperature change","7001","January","2017","2017","°C","4.074","E","Estimated value"
"ET","Temperature change on land","021","Northern America","7271","Temperature change","7001","January","2018","2018","°C","2.206","E","Estimated value"
"ET","Temperature change on land","021","Northern America","7271","Temperature change","7001","January","2019","2019","°C","1.725","E","Estimated value"
"ET","Temperature change on land","021","Northern America","7271","Temperature change","7001","January","2020","2020","°C","2.453","E","Estimated value"
"ET","Temperature change on land","021","Northern America","7271","Temperature change","7001","January","2021","2021","°C","5.454","E","Estimated value"
"ET","Temperature change on land","021","Northern America","7271","Temperature change","7001","January","2022","2022","°C","0.87","E","Estimated value"
"ET","Temperature change on land","021","Northern America","7271","Temperature change","7001","January","2023","2023","°C","4.438","E","Estimated value"
"ET","Temperature change on land","021","Northern America","7271","Temperature change","7001","January","2024","2024","°C","2.885","E","Estimated value"
"ET","Temperature change on land","021","Northern America","7271","Temperature change","7001","January","2025","2025","°C","3.913","E","Estimated value"
"ET","Temperature change on land","021","Northern America","6078","Standard Deviation","7001","January","1961","1961","°C","1.297","E","Estimated value"
"ET","Temperature change on land","021","Northern America","6078","Standard Deviation","7001","January","1962","1962","°C","1.297","E","Estimated value"
"ET","Temperature change on land","021","Northern America","6078","Standard Deviation","7001","January","1963","1963","°C","1.297","E","Estimated value"
"ET","Temperature change on land","021","Northern America","6078","Standard Deviation","7001","January","1964","1964","°C","1.297","E","Estimated value"
"ET","Temperature change on land","021","Northern America","6078","Standard Deviation","7001","January","1965","1965","°C","1.297","E","Estimated value"
"ET","Temperature change on land","021","Northern America","6078","Standard Deviation","7001","January","1966","1966","°C","1.297","E","Estimated value"
"ET","Temperature change on land","021","Northern America","6078","Standard Deviation","7001","January","1967","1967","°C","1.297","E","Estimated value"
"ET","Temperature change on land","021","Northern America","6078","Standard Deviation","7001","January","1968","1968","°C","1.297","E","Estimated value"
"ET","Temperature change on land","021","Northern America","6078","Standard Deviation","7001","January","1969","1969","°C","1.297","E","Estimated value"
"ET","Temperature change on land","021","Northern America","6078","Standard Deviation","7001","January","1970","1970","°C","1.297","E","Estimated value"
"ET","Temperature change on land","021","Northern America","6078","Standard Deviation","7001","January","1971","1971","°C","1.297","E","Estimated value"
"ET","Temperature change on land","021","Northern America","6078","Standard Deviation","7001","January","1972","1972","°C","1.297","E","Estimated value"
"ET","Temperature change on land","021","Northern America","6078","Standard Deviation","7001","January","1973","1973","°C","1.297","E","Estimated value"
"ET","Temperature change on land","021","Northern America","6078","Standard Deviation","7001","January","1974","1974","°C","1.297","E","Estimated value"
"ET","Temperature change on land","021","Northern America","6078","Standard Deviation","7001","January","1975","1975","°C","1.297","E","Estimated value"
"ET","Temperature change on land","021","Northern America","6078","Standard Deviation","7001","January","1976","1976","°C","1.297","E","Estimated value"
"ET","Temperature change on land","021","Northern America","6078","Standard Deviation","7001","January","1977","1977","°C","1.297","E","Estimated value"
"ET","Temperature change on land","021","Northern America","6078","Standard Deviation","7001","January","1978","1978","°C","1.297","E","Estimated value"
"ET","Temperature change on land","021","Northern America","6078","Standard Deviation","7001","January","1979","1979","°C","1.297","E","Estimated value"
"ET","Temperature change on land","021","Northern America","6078","Standard Deviation","7001","January","1980","1980","°C","1.297","E","Estimated value"
"ET","Temperature change on land","021","Northern America","6078","Standard Deviation","7001","January","1981","1981","°C","1.297","E","Estimated value"
"ET","Temperature change on land","021","Northern America","6078","Standard Deviation","7001","January","1982","1982","°C","1.297","E","Estimated value"
"ET","Temperature change on land","021","Northern America","6078","Standard Deviation","7001","January","1983","1983","°C","1.297","E","Estimated value"
"ET","Temperature change on land","021","Northern America","6078","Standard Deviation","7001","January","1984","1984","°C","1.297","E","Estimated value"
"ET","Temperature change on land","021","Northern America","6078","Standard Deviation","7001","January","1985","1985","°C","1.297","E","Estimated value"
"ET","Temperature change on land","021","Northern America","6078","Standard Deviation","7001","January","1986","1986","°C","1.297","E","Estimated value"
"ET","Temperature change on land","021","Northern America","6078","Standard Deviation","7001","January","1987","1987","°C","1.297","E","Estimated value"
"ET","Temperature change on land","021","Northern America","6078","Standard Deviation","7001","January","1988","1988","°C","1.297","E","Estimated value"
"ET","Temperature change on land","021","Northern America","6078","Standard Deviation","7001","January","1989","1989","°C","1.297","E","Estimated value"
"ET","Temperature change on land","021","Northern America","6078","Standard Deviation","7001","January","1990","1990","°C","1.297","E","Estimated value"
"ET","Temperature change on land","021","Northern America","6078","Standard Deviation","7001","January","1991","1991","°C","1.297","E","Estimated value"
"ET","Temperature change on land","021","Northern America","6078","Standard Deviation","7001","January","1992","1992","°C","1.297","E","Estimated value"
"ET","Temperature change on land","021","Northern America","6078","Standard Deviation","7001","January","1993","1993","°C","1.297","E","Estimated value"
"ET","Temperature change on land","021","Northern America","6078","Standard Deviation","7001","January","1994","1994","°C","1.297","E","Estimated value"
"ET","Temperature change on land","021","Northern America","6078","Standard Deviation","7001","January","1995","1995","°C","1.297","E","Estimated value"
"ET","Temperature change on land","021","Northern America","6078","Standard Deviation","7001","January","1996","1996","°C","1.297","E","Estimated value"
"ET","Temperature change on land","021","Northern America","6078","Standard Deviation","7001","January","1997","1997","°C","1.297","E","Estimated value"
"ET","Temperature change on land","021","Northern America","6078","Standard Deviation","7001","January","1998","1998","°C","1.297","E","Estimated value"
"ET","Temperature change on land","021","Northern America","6078","Standard Deviation","7001","January","1999","1999","°C","1.297","E","Estimated value"
"ET","Temperature change on land","021","Northern America","6078","Standard Deviation","7001","January","2000","2000","°C","1.297","E","Estimated value"
"ET","Temperature change on land","021","Northern America","6078","Standard Deviation","7001","January","2001","2001","°C","1.297","E","Estimated value"
"ET","Temperature change on land","021","Northern America","6078","Standard Deviation","7001","January","2002","2002","°C","1.297","E","Estimated value"
"ET","Temperature change on land","021","Northern America","6078","Standard Deviation","7001","January","2003","2003","°C","1.297","E","Estimated value"
"ET","Temperature change on land","021","Northern America","6078","Standard Deviation","7001","January","2004","2004","°C","1.297","E","Estimated value"
"ET","Temperature change on land","021","Northern America","6078","Standard Deviation","7001","January","2005","2005","°C","1.297","E","Estimated value"
"ET","Temperature change on land","021","Northern America","6078","Standard Deviation","7001","January","2006","2006","°C","1.297","E","Estimated value"
"ET","Temperature change on land","021","Northern America","6078","Standard Deviation","7001","January","2007","2007","°C","1.297","E","Estimated value"
"ET","Temperature change on land","021","Northern America","6078","Standard Deviation","7001","January","2008","2008","°C","1.297","E","Estimated value"
"ET","Temperature change on land","021","Northern America","6078","Standard Deviation","7001","January","2009","2009","°C","1.297","E","Estimated value"
"ET","Temperature change on land","021","Northern America","6078","Standard Deviation","7001","January","2010","2010","°C","1.297","E","Estimated value"
"ET","Temperature change on land","021","Northern America","6078","Standard Deviation","7001","January","2011","2011","°C","1.297","E","Estimated value"
"ET","Temperature change on land","021","Northern America","6078","Standard Deviation","7001","January","2012","2012","°C","1.297","E","Estimated value"
"ET","Temperature change on land","021","Northern America","6078","Standard Deviation","7001","January","2013","2013","°C","1.297","E","Estimated value"
"ET","Temperature change on land","021","Northern America","6078","Standard Deviation","7001","January","2014","2014","°C","1.297","E","Estimated value"
"ET","Temperature change on land","021","Northern America","6078","Standard Deviation","7001","January","2015","2015","°C","1.297","E","Estimated value"
"ET","Temperature change on land","021","Northern America","6078","Standard Deviation","7001","January","2016","2016","°C","1.297","E","Estimated value"
"ET","Temperature change on land","021","Northern America","6078","Standard Deviation","7001","January","2017","2017","°C","1.297","E","Estimated value"
"ET","Temperature change on land","021","Northern America","6078","Standard Deviation","7001","January","2018","2018","°C","1.297","E","Estimated value"
"ET","Temperature change on land","021","Northern America","6078","Standard Deviation","7001","January","2019","2019","°C","1.297","E","Estimated value"
"ET","Temperature change on land","021","Northern America","6078","Standard Deviation","7001","January","2020","2020","°C","1.297","E","Estimated value"
"ET","Temperature change on land","021","Northern America","6078","Standard Deviation","7001","January","2021","2021","°C","1.297","E","Estimated value"
"ET","Temperature change on land","021","Northern America","6078","Standard Deviation","7001","January","2022","2022","°C","1.297","E","Estimated value"
"ET","Temperature change on land","021","Northern America","6078","Standard Deviation","7001","January","2023","2023","°C","1.297","E","Estimated value"
"ET","Temperature change on land","021","Northern America","6078","Standard Deviation","7001","January","2024","2024","°C","1.297","E","Estimated value"
"ET","Temperature change on land","021","Northern America","6078","Standard Deviation","7001","January","2025","2025","°C","1.297","E","Estimated value"
"ET","Temperature change on land","021","Northern America","7271","Temperature change","7002","February","1961","1961","°C","0.605","E","Estimated value"
"ET","Temperature change on land","021","Northern America","7271","Temperature change","7002","February","1962","1962","°C","-1.341","E","Estimated value"
"ET","Temperature change on land","021","Northern America","7271","Temperature change","7002","February","1963","1963","°C","0.664","E","Estimated value"
"ET","Temperature change on land","021","Northern America","7271","Temperature change","7002","February","1964","1964","°C","1.051","E","Estimated value"
"ET","Temperature change on land","021","Northern America","7271","Temperature change","7002","February","1965","1965","°C","-2.075","E","Estimated value"
"ET","Temperature change on land","021","Northern America","7271","Temperature change","7002","February","1966","1966","°C","0.243","E","Estimated value"
"ET","Temperature change on land","021","Northern America","7271","Temperature change","7002","February","1967","1967","°C","-1.881","E","Estimated value"
"ET","Temperature change on land","021","Northern America","7271","Temperature change","7002","February","1968","1968","°C","0.029","E","Estimated value"
"ET","Temperature change on land","021","Northern America","7271","Temperature change","7002","February","1969","1969","°C","1.352","E","Estimated value"
"ET","Temperature change on land","021","Northern America","7271","Temperature change","7002","February","1970","1970","°C","0.753","E","Estimated value"
"ET","Temperature change on land","021","Northern America","7271","Temperature change","7002","February","1971","1971","°C","0.257","E","Estimated value"
"ET","Temperature change on land","021","Northern America","7271","Temperature change","7002","February","1972","1972","°C","-2.801","E","Estimated value"
"ET","Temperature change on land","021","Northern America","7271","Temperature change","7002","February","1973","1973","°C","-0.64","E","Estimated value"
"ET","Temperature change on land","021","Northern America","7271","Temperature change","7002","February","1974","1974","°C","-0.797","E","Estimated value"
"ET","Temperature change on land","021","Northern America","7271","Temperature change","7002","February","1975","1975","°C","-0.467","E","Estimated value"
"ET","Temperature change on land","021","Northern America","7271","Temperature change","7002","February","1976","1976","°C","0.512","E","Estimated value"
"ET","Temperature change on land","021","Northern America","7271","Temperature change","7002","February","1977","1977","°C","2.908","E","Estimated value"
"ET","Temperature change on land","021","Northern America","7271","Temperature change","7002","February","1978","1978","°C","0.995","E","Estimated value"
"ET","Temperature change on land","021","Northern America","7271","Temperature change","7002","February","1979","1979","°C","-5.2","E","Estimated value"
"ET","Temperature change on land","021","Northern America","7271","Temperature change","7002","February","1980","1980","°C","1.637","E","Estimated value"
"ET","Temperature change on land","021","Northern America","7271","Temperature change","7002","February","1981","1981","°C","3.201","E","Estimated value"
"ET","Temperature change on land","021","Northern America","7271","Temperature change","7002","February","1982","1982","°C","-0.914","E","Estimated value"
"ET","Temperature change on land","021","Northern America","7271","Temperature change","7002","February","1983","1983","°C","0.903","E","Estimated value"
"ET","Temperature change on land","021","Northern America","7271","Temperature change","7002","February","1984","1984","°C","2.338","E","Estimated value"
"ET","Temperature change on land","021","Northern America","7271","Temperature change","7002","February","1985","1985","°C","-1.493","E","Estimated value"
"ET","Temperature change on land","021","Northern America","7271","Temperature change","7002","February","1986","1986","°C","1.523","E","Estimated value"
"ET","Temperature change on land","021","Northern America","7271","Temperature change","7002","February","1987","1987","°C","2.415","E","Estimated value"
"ET","Temperature change on land","021","Northern America","7271","Temperature change","7002","February","1988","1988","°C","0.261","E","Estimated value"
"ET","Temperature change on land","021","Northern America","7271","Temperature change","7002","February","1989","1989","°C","-0.351","E","Estimated value"
"ET","Temperature change on land","021","Northern America","7271","Temperature change","7002","February","1990","1990","°C","-1.768","E","Estimated value"
"ET","Temperature change on land","021","Northern America","7271","Temperature change","7002","February","1991","1991","°C","2.607","E","Estimated value"
"ET","Temperature change on land","021","Northern America","7271","Temperature change","7002","February","1992","1992","°C","0.936","E","Estimated value"
"ET","Temperature change on land","021","Northern America","7271","Temperature change","7002","February","1993","1993","°C","-0.487","E","Estimated value"
"ET","Temperature change on land","021","Northern America","7271","Temperature change","7002","February","1994","1994","°C","-2.43","E","Estimated value"
"ET","Temperature change on land","021","Northern America","7271","Temperature change","7002","February","1995","1995","°C","0.598","E","Estimated value"
"ET","Temperature change on land","021","Northern America","7271","Temperature change","7002","February","1996","1996","°C","1.549","E","Estimated value"
"ET","Temperature change on land","021","Northern America","7271","Temperature change","7002","February","1997","1997","°C","1.47","E","Estimated value"
"ET","Temperature change on land","021","Northern America","7271","Temperature change","7002","February","1998","1998","°C","3.862","E","Estimated value"
"ET","Temperature change on land","021","Northern America","7271","Temperature change","7002","February","1999","1999","°C","2.896","E","Estimated value"
"ET","Temperature change on land","021","Northern America","7271","Temperature change","7002","February","2000","2000","°C","3.352","E","Estimated value"
"ET","Temperature change on land","021","Northern America","7271","Temperature change","7002","February","2001","2001","°C","0.614","E","Estimated value"
"ET","Temperature change on land","021","Northern America","7271","Temperature change","7002","February","2002","2002","°C","1.068","E","Estimated value"
"ET","Temperature change on land","021","Northern America","7271","Temperature change","7002","February","2003","2003","°C","-0.601","E","Estimated value"
"ET","Temperature change on land","021","Northern America","7271","Temperature change","7002","February","2004","2004","°C","1.696","E","Estimated value"
"ET","Temperature change on land","021","Northern America","7271","Temperature change","7002","February","2005","2005","°C","2.298","E","Estimated value"
"ET","Temperature change on land","021","Northern America","7271","Temperature change","7002","February","2006","2006","°C","2.335","E","Estimated value"
"ET","Temperature change on land","021","Northern America","7271","Temperature change","7002","February","2007","2007","°C","0.136","E","Estimated value"
"ET","Temperature change on land","021","Northern America","7271","Temperature change","7002","February","2008","2008","°C","-0.328","E","Estimated value"
"ET","Temperature change on land","021","Northern America","7271","Temperature change","7002","February","2009","2009","°C","1.342","E","Estimated value"
"ET","Temperature change on land","021","Northern America","7271","Temperature change","7002","February","2010","2010","°C","3.542","E","Estimated value"
"ET","Temperature change on land","021","Northern America","7271","Temperature change","7002","February","2011","2011","°C","0.423","E","Estimated value"
"ET","Temperature change on land","021","Northern America","7271","Temperature change","7002","February","2012","2012","°C","3.599","E","Estimated value"
"ET","Temperature change on land","021","Northern America","7271","Temperature change","7002","February","2013","2013","°C","1.764","E","Estimated value"
"ET","Temperature change on land","021","Northern America","7271","Temperature change","7002","February","2014","2014","°C","-0.652","E","Estimated value"
"ET","Temperature change on land","021","Northern America","7271","Temperature change","7002","February","2015","2015","°C","-1.002","E","Estimated value"
"ET","Temperature change on land","021","Northern America","7271","Temperature change","7002","February","2016","2016","°C","3.173","E","Estimated value"
"ET","Temperature change on land","021","Northern America","7271","Temperature change","7002","February","2017","2017","°C","3.066","E","Estimated value"
"ET","Temperature change on land","021","Northern America","7271","Temperature change","7002","February","2018","2018","°C","0.439","E","Estimated value"
"ET","Temperature change on land","021","Northern America","7271","Temperature change","7002","February","2019","2019","°C","-0.725","E","Estimated value"
"ET","Temperature change on land","021","Northern America","7271","Temperature change","7002","February","2020","2020","°C","1.19","E","Estimated value"
"ET","Temperature change on land","021","Northern America","7271","Temperature change","7002","February","2021","2021","°C","-0.455","E","Estimated value"
"ET","Temperature change on land","021","Northern America","7271","Temperature change","7002","February","2022","2022","°C","-0.368","E","Estimated value"
"ET","Temperature change on land","021","Northern America","7271","Temperature change","7002","February","2023","2023","°C","0.076","E","Estimated value"
"ET","Temperature change on land","021","Northern America","7271","Temperature change","7002","February","2024","2024","°C","4.067","E","Estimated value"
"ET","Temperature change on land","021","Northern America","7271","Temperature change","7002","February","2025","2025","°C","1.507","E","Estimated value"
"ET","Temperature change on land","021","Northern America","6078","Standard Deviation","7002","February","1961","1961","°C","1.68","E","Estimated value"
"ET","Temperature change on land","021","Northern America","6078","Standard Deviation","7002","February","1962","1962","°C","1.68","E","Estimated value"
"ET","Temperature change on land","021","Northern America","6078","Standard Deviation","7002","February","1963","1963","°C","1.68","E","Estimated value"
"ET","Temperature change on land","021","Northern America","6078","Standard Deviation","7002","February","1964","1964","°C","1.68","E","Estimated value"
"ET","Temperature change on land","021","Northern America","6078","Standard Deviation","7002","February","1965","1965","°C","1.68","E","Estimated value"
"ET","Temperature change on land","021","Northern America","6078","Standard Deviation","7002","February","1966","1966","°C","1.68","E","Estimated value"
"ET","Temperature change on land","021","Northern America","6078","Standard Deviation","7002","February","1967","1967","°C","1.68","E","Estimated value"
"ET","Temperature change on land","021","Northern America","6078","Standard Deviation","7002","February","1968","1968","°C","1.68","E","Estimated value"
"ET","Temperature change on land","021","Northern America","6078","Standard Deviation","7002","February","1969","1969","°C","1.68","E","Estimated value"
"ET","Temperature change on land","021","Northern America","6078","Standard Deviation","7002","February","1970","1970","°C","1.68","E","Estimated value"
"ET","Temperature change on land","021","Northern America","6078","Standard Deviation","7002","February","1971","1971","°C","1.68","E","Estimated value"
"ET","Temperature change on land","021","Northern America","6078","Standard Deviation","7002","February","1972","1972","°C","1.68","E","Estimated value"
"ET","Temperature change on land","021","Northern America","6078","Standard Deviation","7002","February","1973","1973","°C","1.68","E","Estimated value"
"ET","Temperature change on land","021","Northern America","6078","Standard Deviation","7002","February","1974","1974","°C","1.68","E","Estimated value"
"ET","Temperature change on land","021","Northern America","6078","Standard Deviation","7002","February","1975","1975","°C","1.68","E","Estimated value"
"ET","Temperature change on land","021","Northern America","6078","Standard Deviation","7002","February","1976","1976","°C","1.68","E","Estimated value"
"ET","Temperature change on land","021","Northern America","6078","Standard Deviation","7002","February","1977","1977","°C","1.68","E","Estimated value"
"ET","Temperature change on land","021","Northern America","6078","Standard Deviation","7002","February","1978","1978","°C","1.68","E","Estimated value"
"ET","Temperature change on land","021","Northern America","6078","Standard Deviation","7002","February","1979","1979","°C","1.68","E","Estimated value"
"ET","Temperature change on land","021","Northern America","6078","Standard Deviation","7002","February","1980","1980","°C","1.68","E","Estimated value"
"ET","Temperature change on land","021","Northern America","6078","Standard Deviation","7002","February","1981","1981","°C","1.68","E","Estimated value"
"ET","Temperature change on land","021","Northern America","6078","Standard Deviation","7002","February","1982","1982","°C","1.68","E","Estimated value"
"ET","Temperature change on land","021","Northern America","6078","Standard Deviation","7002","February","1983","1983","°C","1.68","E","Estimated value"
"ET","Temperature change on land","021","Northern America","6078","Standard Deviation","7002","February","1984","1984","°C","1.68","E","Estimated value"
"ET","Temperature change on land","021","Northern America","6078","Standard Deviation","7002","February","1985","1985","°C","1.68","E","Estimated value"
"ET","Temperature change on land","021","Northern America","6078","Standard Deviation","7002","February","1986","1986","°C","1.68","E","Estimated value"
"ET","Temperature change on land","021","Northern America","6078","Standard Deviation","7002","February","1987","1987","°C","1.68","E","Estimated value"
"ET","Temperature change on land","021","Northern America","6078","Standard Deviation","7002","February","1988","1988","°C","1.68","E","Estimated value"
"ET","Temperature change on land","021","Northern America","6078","Standard Deviation","7002","February","1989","1989","°C","1.68","E","Estimated value"
"ET","Temperature change on land","021","Northern America","6078","Standard Deviation","7002","February","1990","1990","°C","1.68","E","Estimated value"
"ET","Temperature change on land","021","Northern America","6078","Standard Deviation","7002","February","1991","1991","°C","1.68","E","Estimated value"
"ET","Temperature change on land","021","Northern America","6078","Standard Deviation","7002","February","1992","1992","°C","1.68","E","Estimated value"
"ET","Temperature change on land","021","Northern America","6078","Standard Deviation","7002","February","1993","1993","°C","1.68","E","Estimated value"
"ET","Temperature change on land","021","Northern America","6078","Standard Deviation","7002","February","1994","1994","°C","1.68","E","Estimated value"
"ET","Temperature change on land","021","Northern America","6078","Standard Deviation","7002","February","1995","1995","°C","1.68","E","Estimated value"
"ET","Temperature change on land","021","Northern America","6078","Standard Deviation","7002","February","1996","1996","°C","1.68","E","Estimated value"
"ET","Temperature change on land","021","Northern America","6078","Standard Deviation","7002","February","1997","1997","°C","1.68","E","Estimated value"
"ET","Temperature change on land","021","Northern America","6078","Standard Deviation","7002","February","1998","1998","°C","1.68","E","Estimated value"
"ET","Temperature change on land","021","Northern America","6078","Standard Deviation","7002","February","1999","1999","°C","1.68","E","Estimated value"
"ET","Temperature change on land","021","Northern America","6078","Standard Deviation","7002","February","2000","2000","°C","1.68","E","Estimated value"
"ET","Temperature change on land","021","Northern America","6078","Standard Deviation","7002","February","2001","2001","°C","1.68","E","Estimated value"
"ET","Temperature change on land","021","Northern America","6078","Standard Deviation","7002","February","2002","2002","°C","1.68","E","Estimated value"
"ET","Temperature change on land","021","Northern America","6078","Standard Deviation","7002","February","2003","2003","°C","1.68","E","Estimated value"
"ET","Temperature change on land","021","Northern America","6078","Standard Deviation","7002","February","2004","2004","°C","1.68","E","Estimated value"
"ET","Temperature change on land","021","Northern America","6078","Standard Deviation","7002","February","2005","2005","°C","1.68","E","Estimated value"
"ET","Temperature change on land","021","Northern America","6078","Standard Deviation","7002","February","2006","2006","°C","1.68","E","Estimated value"
"ET","Temperature change on land","021","Northern America","6078","Standard Deviation","7002","February","2007","2007","°C","1.68","E","Estimated value"
"ET","Temperature change on land","021","Northern America","6078","Standard Deviation","7002","February","2008","2008","°C","1.68","E","Estimated value"
"ET","Temperature change on land","021","Northern America","6078","Standard Deviation","7002","February","2009","2009","°C","1.68","E","Estimated value"
"ET","Temperature change on land","021","Northern America","6078","Standard Deviation","7002","February","2010","2010","°C","1.68","E","Estimated value"
"ET","Temperature change on land","021","Northern America","6078","Standard Deviation","7002","February","2011","2011","°C","1.68","E","Estimated value"
"ET","Temperature change on land","021","Northern America","6078","Standard Deviation","7002","February","2012","2012","°C","1.68","E","Estimated value"
"ET","Temperature change on land","021","Northern America","6078","Standard Deviation","7002","February","2013","2013","°C","1.68","E","Estimated value"
"ET","Temperature change on land","021","Northern America","6078","Standard Deviation","7002","February","2014","2014","°C","1.68","E","Estimated value"
"ET","Temperature change on land","021","Northern America","6078","Standard Deviation","7002","February","2015","2015","°C","1.68","E","Estimated value"
"ET","Temperature change on land","021","Northern America","6078","Standard Deviation","7002","February","2016","2016","°C","1.68","E","Estimated value"
"ET","Temperature change on land","021","Northern America","6078","Standard Deviation","7002","February","2017","2017","°C","1.68","E","Estimated value"
"ET","Temperature change on land","021","Northern America","6078","Standard Deviation","7002","February","2018","2018","°C","1.68","E","Estimated value"
"ET","Temperature change on land","021","Northern America","6078","Standard Deviation","7002","February","2019","2019","°C","1.68","E","Estimated value"
"ET","Temperature change on land","021","Northern America","6078","Standard Deviation","7002","February","2020","2020","°C","1.68","E","Estimated value"
"ET","Temperature change on land","021","Northern America","6078","Standard Deviation","7002","February","2021","2021","°C","1.68","E","Estimated value"
"ET","Temperature change on land","021","Northern America","6078","Standard Deviation","7002","February","2022","2022","°C","1.68","E","Estimated value"
"ET","Temperature change on land","021","Northern America","6078","Standard Deviation","7002","February","2023","2023","°C","1.68","E","Estimated value"
"ET","Temperature change on land","021","Northern America","6078","Standard Deviation","7002","February","2024","2024","°C","1.68","E","Estimated value"
"ET","Temperature change on land","021","Northern America","6078","Standard Deviation","7002","February","2025","2025","°C","1.68","E","Estimated value"
"ET","Temperature change on land","021","Northern America","7271","Temperature change","7003","March","1961","1961","°C","-0.436","E","Estimated value"
"ET","Temperature change on land","021","Northern America","7271","Temperature change","7003","March","1962","1962","°C","0.785","E","Estimated value"
"ET","Temperature change on land","021","Northern America","7271","Temperature change","7003","March","1963","1963","°C","-0.368","E","Estimated value"
"ET","Temperature change on land","021","Northern America","7271","Temperature change","7003","March","1964","1964","°C","-3.002","E","Estimated value"
"ET","Temperature change on land","021","Northern America","7271","Temperature change","7003","March","1965","1965","°C","-0.348","E","Estimated value"
"ET","Temperature change on land","021","Northern America","7271","Temperature change","7003","March","1966","1966","°C","0.982","E","Estimated value"
"ET","Temperature change on land","021","Northern America","7271","Temperature change","7003","March","1967","1967","°C","-0.782","E","Estimated value"
"ET","Temperature change on land","021","Northern America","7271","Temperature change","7003","March","1968","1968","°C","2.171","E","Estimated value"
"ET","Temperature change on land","021","Northern America","7271","Temperature change","7003","March","1969","1969","°C","-0.585","E","Estimated value"
"ET","Temperature change on land","021","Northern America","7271","Temperature change","7003","March","1970","1970","°C","0.49","E","Estimated value"
"ET","Temperature change on land","021","Northern America","7271","Temperature change","7003","March","1971","1971","°C","-0.076","E","Estimated value"
"ET","Temperature change on land","021","Northern America","7271","Temperature change","7003","March","1972","1972","°C","-0.407","E","Estimated value"
"ET","Temperature change on land","021","Northern America","7271","Temperature change","7003","March","1973","1973","°C","1.947","E","Estimated value"
"ET","Temperature change on land","021","Northern America","7271","Temperature change","7003","March","1974","1974","°C","-1.146","E","Estimated value"
"ET","Temperature change on land","021","Northern America","7271","Temperature change","7003","March","1975","1975","°C","-1.022","E","Estimated value"
"ET","Temperature change on land","021","Northern America","7271","Temperature change","7003","March","1976","1976","°C","-0.493","E","Estimated value"
"ET","Temperature change on land","021","Northern America","7271","Temperature change","7003","March","1977","1977","°C","2.09","E","Estimated value"
"ET","Temperature change on land","021","Northern America","7271","Temperature change","7003","March","1978","1978","°C","-0.303","E","Estimated value"
"ET","Temperature change on land","021","Northern America","7271","Temperature change","7003","March","1979","1979","°C","0.58","E","Estimated value"
"ET","Temperature change on land","021","Northern America","7271","Temperature change","7003","March","1980","1980","°C","0.573","E","Estimated value"
"ET","Temperature change on land","021","Northern America","7271","Temperature change","7003","March","1981","1981","°C","3.814","E","Estimated value"
"ET","Temperature change on land","021","Northern America","7271","Temperature change","7003","March","1982","1982","°C","-0.298","E","Estimated value"
"ET","Temperature change on land","021","Northern America","7271","Temperature change","7003","March","1983","1983","°C","0.586","E","Estimated value"
"ET","Temperature change on land","021","Northern America","7271","Temperature change","7003","March","1984","1984","°C","0.53","E","Estimated value"
"ET","Temperature change on land","021","Northern America","7271","Temperature change","7003","March","1985","1985","°C","1.364","E","Estimated value"
"ET","Temperature change on land","021","Northern America","7271","Temperature change","7003","March","1986","1986","°C","1.227","E","Estimated value"
"ET","Temperature change on land","021","Northern America","7271","Temperature change","7003","March","1987","1987","°C","1.29","E","Estimated value"
"ET","Temperature change on land","021","Northern America","7271","Temperature change","7003","March","1988","1988","°C","2.176","E","Estimated value"
"ET","Temperature change on land","021","Northern America","7271","Temperature change","7003","March","1989","1989","°C","-1.299","E","Estimated value"
"ET","Temperature change on land","021","Northern America","7271","Temperature change","7003","March","1990","1990","°C","2.757","E","Estimated value"
"ET","Temperature change on land","021","Northern America","7271","Temperature change","7003","March","1991","1991","°C","1.2","E","Estimated value"
"ET","Temperature change on land","021","Northern America","7271","Temperature change","7003","March","1992","1992","°C","2.083","E","Estimated value"
"ET","Temperature change on land","021","Northern America","7271","Temperature change","7003","March","1993","1993","°C","1.652","E","Estimated value"
"ET","Temperature change on land","021","Northern America","7271","Temperature change","7003","March","1994","1994","°C","1.932","E","Estimated value"
"ET","Temperature change on land","021","Northern America","7271","Temperature change","7003","March","1995","1995","°C","0.659","E","Estimated value"
"ET","Temperature change on land","021","Northern America","7271","Temperature change","7003","March","1996","1996","°C","-0.345","E","Estimated value"
"ET","Temperature change on land","021","Northern America","7271","Temperature change","7003","March","1997","1997","°C","0.021","E","Estimated value"
"ET","Temperature change on land","021","Northern America","7271","Temperature change","7003","March","1998","1998","°C","1.737","E","Estimated value"
"ET","Temperature change on land","021","Northern America","7271","Temperature change","7003","March","1999","1999","°C","2.862","E","Estimated value"
"ET","Temperature change on land","021","Northern America","7271","Temperature change","7003","March","2000","2000","°C","3.781","E","Estimated value"
"ET","Temperature change on land","021","Northern America","7271","Temperature change","7003","March","2001","2001","°C","1.911","E","Estimated value"
"ET","Temperature change on land","021","Northern America","7271","Temperature change","7003","March","2002","2002","°C","-1.118","E","Estimated value"
"ET","Temperature change on land","021","Northern America","7271","Temperature change","7003","March","2003","2003","°C","0.131","E","Estimated value"
"ET","Temperature change on land","021","Northern America","7271","Temperature change","7003","March","2004","2004","°C","1.271","E","Estimated value"
"ET","Temperature change on land","021","Northern America","7271","Temperature change","7003","March","2005","2005","°C","2.165","E","Estimated value"
"ET","Temperature change on land","021","Northern America","7271","Temperature change","7003","March","2006","2006","°C","2.473","E","Estimated value"
"ET","Temperature change on land","021","Northern America","7271","Temperature change","7003","March","2007","2007","°C","0.791","E","Estimated value"
"ET","Temperature change on land","021","Northern America","7271","Temperature change","7003","March","2008","2008","°C","-0.232","E","Estimated value"
"ET","Temperature change on land","021","Northern America","7271","Temperature change","7003","March","2009","2009","°C","-0.232","E","Estimated value"
"ET","Temperature change on land","021","Northern America","7271","Temperature change","7003","March","2010","2010","°C","4.081","E","Estimated value"
"ET","Temperature change on land","021","Northern America","7271","Temperature change","7003","March","2011","2011","°C","0.668","E","Estimated value"
"ET","Temperature change on land","021","Northern America","7271","Temperature change","7003","March","2012","2012","°C","2.919","E","Estimated value"
"ET","Temperature change on land","021","Northern America","7271","Temperature change","7003","March","2013","2013","°C","1.53","E","Estimated value"
"ET","Temperature change on land","021","Northern America","7271","Temperature change","7003","March","2014","2014","°C","-0.888","E","Estimated value"
"ET","Temperature change on land","021","Northern America","7271","Temperature change","7003","March","2015","2015","°C","1.888","E","Estimated value"
"ET","Temperature change on land","021","Northern America","7271","Temperature change","7003","March","2016","2016","°C","3.307","E","Estimated value"
"ET","Temperature change on land","021","Northern America","7271","Temperature change","7003","March","2017","2017","°C","1.09","E","Estimated value"
"ET","Temperature change on land","021","Northern America","7271","Temperature change","7003","March","2018","2018","°C","2.133","E","Estimated value"
"ET","Temperature change on land","021","Northern America","7271","Temperature change","7003","March","2019","2019","°C","2.415","E","Estimated value"
"ET","Temperature change on land","021","Northern America","7271","Temperature change","7003","March","2020","2020","°C","1.398","E","Estimated value"
"ET","Temperature change on land","021","Northern America","7271","Temperature change","7003","March","2021","2021","°C","2.253","E","Estimated value"
"ET","Temperature change on land","021","Northern America","7271","Temperature change","7003","March","2022","2022","°C","2.216","E","Estimated value"
"ET","Temperature change on land","021","Northern America","7271","Temperature change","7003","March","2023","2023","°C","0.896","E","Estimated value"
"ET","Temperature change on land","021","Northern America","7271","Temperature change","7003","March","2024","2024","°C","2.66","E","Estimated value"
"ET","Temperature change on land","021","Northern America","7271","Temperature change","7003","March","2025","2025","°C","2.845","E","Estimated value"
"ET","Temperature change on land","021","Northern America","6078","Standard Deviation","7003","March","1961","1961","°C","1.272","E","Estimated value"
"ET","Temperature change on land","021","Northern America","6078","Standard Deviation","7003","March","1962","1962","°C","1.272","E","Estimated value"
"ET","Temperature change on land","021","Northern America","6078","Standard Deviation","7003","March","1963","1963","°C","1.272","E","Estimated value"
"ET","Temperature change on land","021","Northern America","6078","Standard Deviation","7003","March","1964","1964","°C","1.272","E","Estimated value"
"ET","Temperature change on land","021","Northern America","6078","Standard Deviation","7003","March","1965","1965","°C","1.272","E","Estimated value"
"ET","Temperature change on land","021","Northern America","6078","Standard Deviation","7003","March","1966","1966","°C","1.272","E","Estimated value"
"ET","Temperature change on land","021","Northern America","6078","Standard Deviation","7003","March","1967","1967","°C","1.272","E","Estimated value"
"ET","Temperature change on land","021","Northern America","6078","Standard Deviation","7003","March","1968","1968","°C","1.272","E","Estimated value"
"ET","Temperature change on land","021","Northern America","6078","Standard Deviation","7003","March","1969","1969","°C","1.272","E","Estimated value"
"ET","Temperature change on land","021","Northern America","6078","Standard Deviation","7003","March","1970","1970","°C","1.272","E","Estimated value"
"ET","Temperature change on land","021","Northern America","6078","Standard Deviation","7003","March","1971","1971","°C","1.272","E","Estimated value"
"ET","Temperature change on land","021","Northern America","6078","Standard Deviation","7003","March","1972","1972","°C","1.272","E","Estimated value"
"ET","Temperature change on land","021","Northern America","6078","Standard Deviation","7003","March","1973","1973","°C","1.272","E","Estimated value"
"ET","Temperature change on land","021","Northern America","6078","Standard Deviation","7003","March","1974","1974","°C","1.272","E","Estimated value"
"ET","Temperature change on land","021","Northern America","6078","Standard Deviation","7003","March","1975","1975","°C","1.272","E","Estimated value"
"ET","Temperature change on land","021","Northern America","6078","Standard Deviation","7003","March","1976","1976","°C","1.272","E","Estimated value"
"ET","Temperature change on land","021","Northern America","6078","Standard Deviation","7003","March","1977","1977","°C","1.272","E","Estimated value"
"ET","Temperature change on land","021","Northern America","6078","Standard Deviation","7003","March","1978","1978","°C","1.272","E","Estimated value"
"ET","Temperature change on land","021","Northern America","6078","Standard Deviation","7003","March","1979","1979","°C","1.272","E","Estimated value"
"ET","Temperature change on land","021","Northern America","6078","Standard Deviation","7003","March","1980","1980","°C","1.272","E","Estimated value"
"ET","Temperature change on land","021","Northern America","6078","Standard Deviation","7003","March","1981","1981","°C","1.272","E","Estimated value"
"ET","Temperature change on land","021","Northern America","6078","Standard Deviation","7003","March","1982","1982","°C","1.272","E","Estimated value"
"ET","Temperature change on land","021","Northern America","6078","Standard Deviation","7003","March","1983","1983","°C","1.272","E","Estimated value"
"ET","Temperature change on land","021","Northern America","6078","Standard Deviation","7003","March","1984","1984","°C","1.272","E","Estimated value"
"ET","Temperature change on land","021","Northern America","6078","Standard Deviation","7003","March","1985","1985","°C","1.272","E","Estimated value"
"ET","Temperature change on land","021","Northern America","6078","Standard Deviation","7003","March","1986","1986","°C","1.272","E","Estimated value"
"ET","Temperature change on land","021","Northern America","6078","Standard Deviation","7003","March","1987","1987","°C","1.272","E","Estimated value"
"ET","Temperature change on land","021","Northern America","6078","Standard Deviation","7003","March","1988","1988","°C","1.272","E","Estimated value"
"ET","Temperature change on land","021","Northern America","6078","Standard Deviation","7003","March","1989","1989","°C","1.272","E","Estimated value"
"ET","Temperature change on land","021","Northern America","6078","Standard Deviation","7003","March","1990","1990","°C","1.272","E","Estimated value"
"ET","Temperature change on land","021","Northern America","6078","Standard Deviation","7003","March","1991","1991","°C","1.272","E","Estimated value"
"ET","Temperature change on land","021","Northern America","6078","Standard Deviation","7003","March","1992","1992","°C","1.272","E","Estimated value"
"ET","Temperature change on land","021","Northern America","6078","Standard Deviation","7003","March","1993","1993","°C","1.272","E","Estimated value"
"ET","Temperature change on land","021","Northern America","6078","Standard Deviation","7003","March","1994","1994","°C","1.272","E","Estimated value"
"ET","Temperature change on land","021","Northern America","6078","Standard Deviation","7003","March","1995","1995","°C","1.272","E","Estimated value"
"ET","Temperature change on land","021","Northern America","6078","Standard Deviation","7003","March","1996","1996","°C","1.272","E","Estimated value"
"ET","Temperature change on land","021","Northern America","6078","Standard Deviation","7003","March","1997","1997","°C","1.272","E","Estimated value"
"ET","Temperature change on land","021","Northern America","6078","Standard Deviation","7003","March","1998","1998","°C","1.272","E","Estimated value"
"ET","Temperature change on land","021","Northern America","6078","Standard Deviation","7003","March","1999","1999","°C","1.272","E","Estimated value"
"ET","Temperature change on land","021","Northern America","6078","Standard Deviation","7003","March","2000","2000","°C","1.272","E","Estimated value"
"ET","Temperature change on land","021","Northern America","6078","Standard Deviation","7003","March","2001","2001","°C","1.272","E","Estimated value"
"ET","Temperature change on land","021","Northern America","6078","Standard Deviation","7003","March","2002","2002","°C","1.272","E","Estimated value"
"ET","Temperature change on land","021","Northern America","6078","Standard Deviation","7003","March","2003","2003","°C","1.272","E","Estimated value"
"ET","Temperature change on land","021","Northern America","6078","Standard Deviation","7003","March","2004","2004","°C","1.272","E","Estimated value"
"ET","Temperature change on land","021","Northern America","6078","Standard Deviation","7003","March","2005","2005","°C","1.272","E","Estimated value"
"ET","Temperature change on land","021","Northern America","6078","Standard Deviation","7003","March","2006","2006","°C","1.272","E","Estimated value"
"ET","Temperature change on land","021","Northern America","6078","Standard Deviation","7003","March","2007","2007","°C","1.272","E","Estimated value"
"ET","Temperature change on land","021","Northern America","6078","Standard Deviation","7003","March","2008","2008","°C","1.272","E","Estimated value"
"ET","Temperature change on land","021","Northern America","6078","Standard Deviation","7003","March","2009","2009","°C","1.272","E","Estimated value"
"ET","Temperature change on land","021","Northern America","6078","Standard Deviation","7003","March","2010","2010","°C","1.272","E","Estimated value"
"ET","Temperature change on land","021","Northern America","6078","Standard Deviation","7003","March","2011","2011","°C","1.272","E","Estimated value"
"ET","Temperature change on land","021","Northern America","6078","Standard Deviation","7003","March","2012","2012","°C","1.272","E","Estimated value"
"ET","Temperature change on land","021","Northern America","6078","Standard Deviation","7003","March","2013","2013","°C","1.272","E","Estimated value"
"ET","Temperature change on land","021","Northern America","6078","Standard Deviation","7003","March","2014","2014","°C","1.272","E","Estimated value"
"ET","Temperature change on land","021","Northern America","6078","Standard Deviation","7003","March","2015","2015","°C","1.272","E","Estimated value"
"ET","Temperature change on land","021","Northern America","6078","Standard Deviation","7003","March","2016","2016","°C","1.272","E","Estimated value"
"ET","Temperature change on land","021","Northern America","6078","Standard Deviation","7003","March","2017","2017","°C","1.272","E","Estimated value"
"ET","Temperature change on land","021","Northern America","6078","Standard Deviation","7003","March","2018","2018","°C","1.272","E","Estimated value"
"ET","Temperature change on land","021","Northern America","6078","Standard Deviation","7003","March","2019","2019","°C","1.272","E","Estimated value"
"ET","Temperature change on land","021","Northern America","6078","Standard Deviation","7003","March","2020","2020","°C","1.272","E","Estimated value"
"ET","Temperature change on land","021","Northern America","6078","Standard Deviation","7003","March","2021","2021","°C","1.272","E","Estimated value"
"ET","Temperature change on land","021","Northern America","6078","Standard Deviation","7003","March","2022","2022","°C","1.272","E","Estimated value"
"ET","Temperature change on land","021","Northern America","6078","Standard Deviation","7003","March","2023","2023","°C","1.272","E","Estimated value"
"ET","Temperature change on land","021","Northern America","6078","Standard Deviation","7003","March","2024","2024","°C","1.272","E","Estimated value"
"ET","Temperature change on land","021","Northern America","6078","Standard Deviation","7003","March","2025","2025","°C","1.272","E","Estimated value"
"ET","Temperature change on land","021","Northern America","7271","Temperature change","7004","April","1961","1961","°C","-0.613","E","Estimated value"
"ET","Temperature change on land","021","Northern America","7271","Temperature change","7004","April","1962","1962","°C","-0.282","E","Estimated value"
"ET","Temperature change on land","021","Northern America","7271","Temperature change","7004","April","1963","1963","°C","1.001","E","Estimated value"
"ET","Temperature change on land","021","Northern America","7271","Temperature change","7004","April","1964","1964","°C","-0.929","E","Estimated value"
"ET","Temperature change on land","021","Northern America","7271","Temperature change","7004","April","1965","1965","°C","0.29","E","Estimated value"
"ET","Temperature change on land","021","Northern America","7271","Temperature change","7004","April","1966","1966","°C","-0.932","E","Estimated value"
"ET","Temperature change on land","021","Northern America","7271","Temperature change","7004","April","1967","1967","°C","-1.259","E","Estimated value"
"ET","Temperature change on land","021","Northern America","7271","Temperature change","7004","April","1968","1968","°C","0.2","E","Estimated value"
"ET","Temperature change on land","021","Northern America","7271","Temperature change","7004","April","1969","1969","°C","0.734","E","Estimated value"
"ET","Temperature change on land","021","Northern America","7271","Temperature change","7004","April","1970","1970","°C","-0.559","E","Estimated value"
"ET","Temperature change on land","021","Northern America","7271","Temperature change","7004","April","1971","1971","°C","0.053","E","Estimated value"
"ET","Temperature change on land","021","Northern America","7271","Temperature change","7004","April","1972","1972","°C","-1.589","E","Estimated value"
"ET","Temperature change on land","021","Northern America","7271","Temperature change","7004","April","1973","1973","°C","-0.366","E","Estimated value"
"ET","Temperature change on land","021","Northern America","7271","Temperature change","7004","April","1974","1974","°C","-0.697","E","Estimated value"
"ET","Temperature change on land","021","Northern America","7271","Temperature change","7004","April","1975","1975","°C","-0.827","E","Estimated value"
"ET","Temperature change on land","021","Northern America","7271","Temperature change","7004","April","1976","1976","°C","1.566","E","Estimated value"
"ET","Temperature change on land","021","Northern America","7271","Temperature change","7004","April","1977","1977","°C","1.385","E","Estimated value"
"ET","Temperature change on land","021","Northern America","7271","Temperature change","7004","April","1978","1978","°C","-0.077","E","Estimated value"
"ET","Temperature change on land","021","Northern America","7271","Temperature change","7004","April","1979","1979","°C","-0.15","E","Estimated value"
"ET","Temperature change on land","021","Northern America","7271","Temperature change","7004","April","1980","1980","°C","1.338","E","Estimated value"
"ET","Temperature change on land","021","Northern America","7271","Temperature change","7004","April","1981","1981","°C","0.403","E","Estimated value"
"ET","Temperature change on land","021","Northern America","7271","Temperature change","7004","April","1982","1982","°C","-1.719","E","Estimated value"
"ET","Temperature change on land","021","Northern America","7271","Temperature change","7004","April","1983","1983","°C","-0.216","E","Estimated value"
"ET","Temperature change on land","021","Northern America","7271","Temperature change","7004","April","1984","1984","°C","1.133","E","Estimated value"
"ET","Temperature change on land","021","Northern America","7271","Temperature change","7004","April","1985","1985","°C","-0.37","E","Estimated value"
"ET","Temperature change on land","021","Northern America","7271","Temperature change","7004","April","1986","1986","°C","0.324","E","Estimated value"
"ET","Temperature change on land","021","Northern America","7271","Temperature change","7004","April","1987","1987","°C","1.519","E","Estimated value"
"ET","Temperature change on land","021","Northern America","7271","Temperature change","7004","April","1988","1988","°C","1.583","E","Estimated value"
"ET","Temperature change on land","021","Northern America","7271","Temperature change","7004","April","1989","1989","°C","1.168","E","Estimated value"
"ET","Temperature change on land","021","Northern America","7271","Temperature change","7004","April","1990","1990","°C","0.965","E","Estimated value"
"ET","Temperature change on land","021","Northern America","7271","Temperature change","7004","April","1991","1991","°C","1.337","E","Estimated value"
"ET","Temperature change on land","021","Northern America","7271","Temperature change","7004","April","1992","1992","°C","-0.34","E","Estimated value"
"ET","Temperature change on land","021","Northern America","7271","Temperature change","7004","April","1993","1993","°C","0.658","E","Estimated value"
"ET","Temperature change on land","021","Northern America","7271","Temperature change","7004","April","1994","1994","°C","0.454","E","Estimated value"
"ET","Temperature change on land","021","Northern America","7271","Temperature change","7004","April","1995","1995","°C","0.839","E","Estimated value"
"ET","Temperature change on land","021","Northern America","7271","Temperature change","7004","April","1996","1996","°C","0.248","E","Estimated value"
"ET","Temperature change on land","021","Northern America","7271","Temperature change","7004","April","1997","1997","°C","-0.402","E","Estimated value"
"ET","Temperature change on land","021","Northern America","7271","Temperature change","7004","April","1998","1998","°C","2.584","E","Estimated value"
"ET","Temperature change on land","021","Northern America","7271","Temperature change","7004","April","1999","1999","°C","1.718","E","Estimated value"
"ET","Temperature change on land","021","Northern America","7271","Temperature change","7004","April","2000","2000","°C","0.553","E","Estimated value"
"ET","Temperature change on land","021","Northern America","7271","Temperature change","7004","April","2001","2001","°C","1.105","E","Estimated value"
"ET","Temperature change on land","021","Northern America","7271","Temperature change","7004","April","2002","2002","°C","-0.602","E","Estimated value"
"ET","Temperature change on land","021","Northern America","7271","Temperature change","7004","April","2003","2003","°C","0.528","E","Estimated value"
"ET","Temperature change on land","021","Northern America","7271","Temperature change","7004","April","2004","2004","°C","0.712","E","Estimated value"
"ET","Temperature change on land","021","Northern America","7271","Temperature change","7004","April","2005","2005","°C","2.171","E","Estimated value"
"ET","Temperature change on land","021","Northern America","7271","Temperature change","7004","April","2006","2006","°C","2.619","E","Estimated value"
"ET","Temperature change on land","021","Northern America","7271","Temperature change","7004","April","2007","2007","°C","1.081","E","Estimated value"
"ET","Temperature change on land","021","Northern America","7271","Temperature change","7004","April","2008","2008","°C","0.487","E","Estimated value"
"ET","Temperature change on land","021","Northern America","7271","Temperature change","7004","April","2009","2009","°C","0.745","E","Estimated value"
"ET","Temperature change on land","021","Northern America","7271","Temperature change","7004","April","2010","2010","°C","3.818","E","Estimated value"
"ET","Temperature change on land","021","Northern America","7271","Temperature change","7004","April","2011","2011","°C","-0.28","E","Estimated value"
"ET","Temperature change on land","021","Northern America","7271","Temperature change","7004","April","2012","2012","°C","1.808","E","Estimated value"
"ET","Temperature change on land","021","Northern America","7271","Temperature change","7004","April","2013","2013","°C","-0.795","E","Estimated value"
"ET","Temperature change on land","021","Northern America","7271","Temperature change","7004","April","2014","2014","°C","0.02","E","Estimated value"
"ET","Temperature change on land","021","Northern America","7271","Temperature change","7004","April","2015","2015","°C","1.147","E","Estimated value"
"ET","Temperature change on land","021","Northern America","7271","Temperature change","7004","April","2016","2016","°C","1.053","E","Estimated value"
"ET","Temperature change on land","021","Northern America","7271","Temperature change","7004","April","2017","2017","°C","1.238","E","Estimated value"
"ET","Temperature change on land","021","Northern America","7271","Temperature change","7004","April","2018","2018","°C","-0.834","E","Estimated value"
"ET","Temperature change on land","021","Northern America","7271","Temperature change","7004","April","2019","2019","°C","1.068","E","Estimated value"
"ET","Temperature change on land","021","Northern America","7271","Temperature change","7004","April","2020","2020","°C","0.148","E","Estimated value"
"ET","Temperature change on land","021","Northern America","7271","Temperature change","7004","April","2021","2021","°C","1.428","E","Estimated value"
"ET","Temperature change on land","021","Northern America","7271","Temperature change","7004","April","2022","2022","°C","0.015","E","Estimated value"
"ET","Temperature change on land","021","Northern America","7271","Temperature change","7004","April","2023","2023","°C","0.921","E","Estimated value"
"ET","Temperature change on land","021","Northern America","7271","Temperature change","7004","April","2024","2024","°C","2.644","E","Estimated value"
"ET","Temperature change on land","021","Northern America","7271","Temperature change","7004","April","2025","2025","°C","1.934","E","Estimated value"
"ET","Temperature change on land","021","Northern America","6078","Standard Deviation","7004","April","1961","1961","°C","0.907","E","Estimated value"
"ET","Temperature change on land","021","Northern America","6078","Standard Deviation","7004","April","1962","1962","°C","0.907","E","Estimated value"
"ET","Temperature change on land","021","Northern America","6078","Standard Deviation","7004","April","1963","1963","°C","0.907","E","Estimated value"
"ET","Temperature change on land","021","Northern America","6078","Standard Deviation","7004","April","1964","1964","°C","0.907","E","Estimated value"
"ET","Temperature change on land","021","Northern America","6078","Standard Deviation","7004","April","1965","1965","°C","0.907","E","Estimated value"
"ET","Temperature change on land","021","Northern America","6078","Standard Deviation","7004","April","1966","1966","°C","0.907","E","Estimated value"
"ET","Temperature change on land","021","Northern America","6078","Standard Deviation","7004","April","1967","1967","°C","0.907","E","Estimated value"
"ET","Temperature change on land","021","Northern America","6078","Standard Deviation","7004","April","1968","1968","°C","0.907","E","Estimated value"
"ET","Temperature change on land","021","Northern America","6078","Standard Deviation","7004","April","1969","1969","°C","0.907","E","Estimated value"
"ET","Temperature change on land","021","Northern America","6078","Standard Deviation","7004","April","1970","1970","°C","0.907","E","Estimated value"
"ET","Temperature change on land","021","Northern America","6078","Standard Deviation","7004","April","1971","1971","°C","0.907","E","Estimated value"
"ET","Temperature change on land","021","Northern America","6078","Standard Deviation","7004","April","1972","1972","°C","0.907","E","Estimated value"
"ET","Temperature change on land","021","Northern America","6078","Standard Deviation","7004","April","1973","1973","°C","0.907","E","Estimated value"
"ET","Temperature change on land","021","Northern America","6078","Standard Deviation","7004","April","1974","1974","°C","0.907","E","Estimated value"
"ET","Temperature change on land","021","Northern America","6078","Standard Deviation","7004","April","1975","1975","°C","0.907","E","Estimated value"
"ET","Temperature change on land","021","Northern America","6078","Standard Deviation","7004","April","1976","1976","°C","0.907","E","Estimated value"
"ET","Temperature change on land","021","Northern America","6078","Standard Deviation","7004","April","1977","1977","°C","0.907","E","Estimated value"
"ET","Temperature change on land","021","Northern America","6078","Standard Deviation","7004","April","1978","1978","°C","0.907","E","Estimated value"
"ET","Temperature change on land","021","Northern America","6078","Standard Deviation","7004","April","1979","1979","°C","0.907","E","Estimated value"
"ET","Temperature change on land","021","Northern America","6078","Standard Deviation","7004","April","1980","1980","°C","0.907","E","Estimated value"
"ET","Temperature change on land","021","Northern America","6078","Standard Deviation","7004","April","1981","1981","°C","0.907","E","Estimated value"
"ET","Temperature change on land","021","Northern America","6078","Standard Deviation","7004","April","1982","1982","°C","0.907","E","Estimated value"
"ET","Temperature change on land","021","Northern America","6078","Standard Deviation","7004","April","1983","1983","°C","0.907","E","Estimated value"
"ET","Temperature change on land","021","Northern America","6078","Standard Deviation","7004","April","1984","1984","°C","0.907","E","Estimated value"
"ET","Temperature change on land","021","Northern America","6078","Standard Deviation","7004","April","1985","1985","°C","0.907","E","Estimated value"
"ET","Temperature change on land","021","Northern America","6078","Standard Deviation","7004","April","1986","1986","°C","0.907","E","Estimated value"
"ET","Temperature change on land","021","Northern America","6078","Standard Deviation","7004","April","1987","1987","°C","0.907","E","Estimated value"
"ET","Temperature change on land","021","Northern America","6078","Standard Deviation","7004","April","1988","1988","°C","0.907","E","Estimated value"
"ET","Temperature change on land","021","Northern America","6078","Standard Deviation","7004","April","1989","1989","°C","0.907","E","Estimated value"
"ET","Temperature change on land","021","Northern America","6078","Standard Deviation","7004","April","1990","1990","°C","0.907","E","Estimated value"
"ET","Temperature change on land","021","Northern America","6078","Standard Deviation","7004","April","1991","1991","°C","0.907","E","Estimated value"
"ET","Temperature change on land","021","Northern America","6078","Standard Deviation","7004","April","1992","1992","°C","0.907","E","Estimated value"
"ET","Temperature change on land","021","Northern America","6078","Standard Deviation","7004","April","1993","1993","°C","0.907","E","Estimated value"
"ET","Temperature change on land","021","Northern America","6078","Standard Deviation","7004","April","1994","1994","°C","0.907","E","Estimated value"
"ET","Temperature change on land","021","Northern America","6078","Standard Deviation","7004","April","1995","1995","°C","0.907","E","Estimated value"
"ET","Temperature change on land","021","Northern America","6078","Standard Deviation","7004","April","1996","1996","°C","0.907","E","Estimated value"
"ET","Temperature change on land","021","Northern America","6078","Standard Deviation","7004","April","1997","1997","°C","0.907","E","Estimated value"
"ET","Temperature change on land","021","Northern America","6078","Standard Deviation","7004","April","1998","1998","°C","0.907","E","Estimated value"
"ET","Temperature change on land","021","Northern America","6078","Standard Deviation","7004","April","1999","1999","°C","0.907","E","Estimated value"
"ET","Temperature change on land","021","Northern America","6078","Standard Deviation","7004","April","2000","2000","°C","0.907","E","Estimated value"
"ET","Temperature change on land","021","Northern America","6078","Standard Deviation","7004","April","2001","2001","°C","0.907","E","Estimated value"
"ET","Temperature change on land","021","Northern America","6078","Standard Deviation","7004","April","2002","2002","°C","0.907","E","Estimated value"
"ET","Temperature change on land","021","Northern America","6078","Standard Deviation","7004","April","2003","2003","°C","0.907","E","Estimated value"
"ET","Temperature change on land","021","Northern America","6078","Standard Deviation","7004","April","2004","2004","°C","0.907","E","Estimated value"
"ET","Temperature change on land","021","Northern America","6078","Standard Deviation","7004","April","2005","2005","°C","0.907","E","Estimated value"
"ET","Temperature change on land","021","Northern America","6078","Standard Deviation","7004","April","2006","2006","°C","0.907","E","Estimated value"
"ET","Temperature change on land","021","Northern America","6078","Standard Deviation","7004","April","2007","2007","°C","0.907","E","Estimated value"
"ET","Temperature change on land","021","Northern America","6078","Standard Deviation","7004","April","2008","2008","°C","0.907","E","Estimated value"
"ET","Temperature change on land","021","Northern America","6078","Standard Deviation","7004","April","2009","2009","°C","0.907","E","Estimated value"
"ET","Temperature change on land","021","Northern America","6078","Standard Deviation","7004","April","2010","2010","°C","0.907","E","Estimated value"
"ET","Temperature change on land","021","Northern America","6078","Standard Deviation","7004","April","2011","2011","°C","0.907","E","Estimated value"
"ET","Temperature change on land","021","Northern America","6078","Standard Deviation","7004","April","2012","2012","°C","0.907","E","Estimated value"
"ET","Temperature change on land","021","Northern America","6078","Standard Deviation","7004","April","2013","2013","°C","0.907","E","Estimated value"
"ET","Temperature change on land","021","Northern America","6078","Standard Deviation","7004","April","2014","2014","°C","0.907","E","Estimated value"
"ET","Temperature change on land","021","Northern America","6078","Standard Deviation","7004","April","2015","2015","°C","0.907","E","Estimated value"
"ET","Temperature change on land","021","Northern America","6078","Standard Deviation","7004","April","2016","2016","°C","0.907","E","Estimated value"
"ET","Temperature change on land","021","Northern America","6078","Standard Deviation","7004","April","2017","2017","°C","0.907","E","Estimated value"
"ET","Temperature change on land","021","Northern America","6078","Standard Deviation","7004","April","2018","2018","°C","0.907","E","Estimated value"
"ET","Temperature change on land","021","Northern America","6078","Standard Deviation","7004","April","2019","2019","°C","0.907","E","Estimated value"
"ET","Temperature change on land","021","Northern America","6078","Standard Deviation","7004","April","2020","2020","°C","0.907","E","Estimated value"
"ET","Temperature change on land","021","Northern America","6078","Standard Deviation","7004","April","2021","2021","°C","0.907","E","Estimated value"
"ET","Temperature change on land","021","Northern America","6078","Standard Deviation","7004","April","2022","2022","°C","0.907","E","Estimated value"
"ET","Temperature change on land","021","Northern America","6078","Standard Deviation","7004","April","2023","2023","°C","0.907","E","Estimated value"
"ET","Temperature change on land","021","Northern America","6078","Standard Deviation","7004","April","2024","2024","°C","0.907","E","Estimated value"
"ET","Temperature change on land","021","Northern America","6078","Standard Deviation","7004","April","2025","2025","°C","0.907","E","Estimated value"
"ET","Temperature change on land","021","Northern America","7271","Temperature change","7005","May","1961","1961","°C","-0.654","E","Estimated value"
"ET","Temperature change on land","021","Northern America","7271","Temperature change","7005","May","1962","1962","°C","-0.471","E","Estimated value"
"ET","Temperature change on land","021","Northern America","7271","Temperature change","7005","May","1963","1963","°C","-0.268","E","Estimated value"
"ET","Temperature change on land","021","Northern America","7271","Temperature change","7005","May","1964","1964","°C","-0.025","E","Estimated value"
"ET","Temperature change on land","021","Northern America","7271","Temperature change","7005","May","1965","1965","°C","0.163","E","Estimated value"
"ET","Temperature change on land","021","Northern America","7271","Temperature change","7005","May","1966","1966","°C","-0.316","E","Estimated value"
"ET","Temperature change on land","021","Northern America","7271","Temperature change","7005","May","1967","1967","°C","-0.882","E","Estimated value"
"ET","Temperature change on land","021","Northern America","7271","Temperature change","7005","May","1968","1968","°C","-0.487","E","Estimated value"
"ET","Temperature change on land","021","Northern America","7271","Temperature change","7005","May","1969","1969","°C","-0.156","E","Estimated value"
"ET","Temperature change on land","021","Northern America","7271","Temperature change","7005","May","1970","1970","°C","-0.631","E","Estimated value"
"ET","Temperature change on land","021","Northern America","7271","Temperature change","7005","May","1971","1971","°C","-0.126","E","Estimated value"
"ET","Temperature change on land","021","Northern America","7271","Temperature change","7005","May","1972","1972","°C","-0.282","E","Estimated value"
"ET","Temperature change on land","021","Northern America","7271","Temperature change","7005","May","1973","1973","°C","0.461","E","Estimated value"
"ET","Temperature change on land","021","Northern America","7271","Temperature change","7005","May","1974","1974","°C","-0.635","E","Estimated value"
"ET","Temperature change on land","021","Northern America","7271","Temperature change","7005","May","1975","1975","°C","0.802","E","Estimated value"
"ET","Temperature change on land","021","Northern America","7271","Temperature change","7005","May","1976","1976","°C","0.064","E","Estimated value"
"ET","Temperature change on land","021","Northern America","7271","Temperature change","7005","May","1977","1977","°C","1.283","E","Estimated value"
"ET","Temperature change on land","021","Northern America","7271","Temperature change","7005","May","1978","1978","°C","-0.093","E","Estimated value"
"ET","Temperature change on land","021","Northern America","7271","Temperature change","7005","May","1979","1979","°C","-0.049","E","Estimated value"
"ET","Temperature change on land","021","Northern America","7271","Temperature change","7005","May","1980","1980","°C","1.236","E","Estimated value"
"ET","Temperature change on land","021","Northern America","7271","Temperature change","7005","May","1981","1981","°C","0.6","E","Estimated value"
"ET","Temperature change on land","021","Northern America","7271","Temperature change","7005","May","1982","1982","°C","-0.047","E","Estimated value"
"ET","Temperature change on land","021","Northern America","7271","Temperature change","7005","May","1983","1983","°C","-1.648","E","Estimated value"
"ET","Temperature change on land","021","Northern America","7271","Temperature change","7005","May","1984","1984","°C","0.086","E","Estimated value"
"ET","Temperature change on land","021","Northern America","7271","Temperature change","7005","May","1985","1985","°C","0.768","E","Estimated value"
"ET","Temperature change on land","021","Northern America","7271","Temperature change","7005","May","1986","1986","°C","0.724","E","Estimated value"
"ET","Temperature change on land","021","Northern America","7271","Temperature change","7005","May","1987","1987","°C","0.38","E","Estimated value"
"ET","Temperature change on land","021","Northern America","7271","Temperature change","7005","May","1988","1988","°C","0.775","E","Estimated value"
"ET","Temperature change on land","021","Northern America","7271","Temperature change","7005","May","1989","1989","°C","0.005","E","Estimated value"
"ET","Temperature change on land","021","Northern America","7271","Temperature change","7005","May","1990","1990","°C","-0.015","E","Estimated value"
"ET","Temperature change on land","021","Northern America","7271","Temperature change","7005","May","1991","1991","°C","1.148","E","Estimated value"
"ET","Temperature change on land","021","Northern America","7271","Temperature change","7005","May","1992","1992","°C","-0.429","E","Estimated value"
"ET","Temperature change on land","021","Northern America","7271","Temperature change","7005","May","1993","1993","°C","1.032","E","Estimated value"
"ET","Temperature change on land","021","Northern America","7271","Temperature change","7005","May","1994","1994","°C","0.697","E","Estimated value"
"ET","Temperature change on land","021","Northern America","7271","Temperature change","7005","May","1995","1995","°C","0.551","E","Estimated value"
"ET","Temperature change on land","021","Northern America","7271","Temperature change","7005","May","1996","1996","°C","-0.363","E","Estimated value"
"ET","Temperature change on land","021","Northern America","7271","Temperature change","7005","May","1997","1997","°C","-0.286","E","Estimated value"
"ET","Temperature change on land","021","Northern America","7271","Temperature change","7005","May","1998","1998","°C","2.22","E","Estimated value"
"ET","Temperature change on land","021","Northern America","7271","Temperature change","7005","May","1999","1999","°C","0.513","E","Estimated value"
"ET","Temperature change on land","021","Northern America","7271","Temperature change","7005","May","2000","2000","°C","0.261","E","Estimated value"
"ET","Temperature change on land","021","Northern America","7271","Temperature change","7005","May","2001","2001","°C","1.186","E","Estimated value"
"ET","Temperature change on land","021","Northern America","7271","Temperature change","7005","May","2002","2002","°C","-0.95","E","Estimated value"
"ET","Temperature change on land","021","Northern America","7271","Temperature change","7005","May","2003","2003","°C","0.932","E","Estimated value"
"ET","Temperature change on land","021","Northern America","7271","Temperature change","7005","May","2004","2004","°C","-0.429","E","Estimated value"
"ET","Temperature change on land","021","Northern America","7271","Temperature change","7005","May","2005","2005","°C","0.806","E","Estimated value"
"ET","Temperature change on land","021","Northern America","7271","Temperature change","7005","May","2006","2006","°C","1.913","E","Estimated value"
"ET","Temperature change on land","021","Northern America","7271","Temperature change","7005","May","2007","2007","°C","0.411","E","Estimated value"
"ET","Temperature change on land","021","Northern America","7271","Temperature change","7005","May","2008","2008","°C","0.689","E","Estimated value"
"ET","Temperature change on land","021","Northern America","7271","Temperature change","7005","May","2009","2009","°C","-0.318","E","Estimated value"
"ET","Temperature change on land","021","Northern America","7271","Temperature change","7005","May","2010","2010","°C","0.776","E","Estimated value"
"ET","Temperature change on land","021","Northern America","7271","Temperature change","7005","May","2011","2011","°C","0.314","E","Estimated value"
"ET","Temperature change on land","021","Northern America","7271","Temperature change","7005","May","2012","2012","°C","1.557","E","Estimated value"
"ET","Temperature change on land","021","Northern America","7271","Temperature change","7005","May","2013","2013","°C","0.294","E","Estimated value"
"ET","Temperature change on land","021","Northern America","7271","Temperature change","7005","May","2014","2014","°C","1.066","E","Estimated value"
"ET","Temperature change on land","021","Northern America","7271","Temperature change","7005","May","2015","2015","°C","1.236","E","Estimated value"
"ET","Temperature change on land","021","Northern America","7271","Temperature change","7005","May","2016","2016","°C","1.646","E","Estimated value"
"ET","Temperature change on land","021","Northern America","7271","Temperature change","7005","May","2017","2017","°C","1.141","E","Estimated value"
"ET","Temperature change on land","021","Northern America","7271","Temperature change","7005","May","2018","2018","°C","1.307","E","Estimated value"
"ET","Temperature change on land","021","Northern America","7271","Temperature change","7005","May","2019","2019","°C","0.76","E","Estimated value"
"ET","Temperature change on land","021","Northern America","7271","Temperature change","7005","May","2020","2020","°C","0.318","E","Estimated value"
"ET","Temperature change on land","021","Northern America","7271","Temperature change","7005","May","2021","2021","°C","0.401","E","Estimated value"
"ET","Temperature change on land","021","Northern America","7271","Temperature change","7005","May","2022","2022","°C","0.778","E","Estimated value"
"ET","Temperature change on land","021","Northern America","7271","Temperature change","7005","May","2023","2023","°C","2.533","E","Estimated value"
"ET","Temperature change on land","021","Northern America","7271","Temperature change","7005","May","2024","2024","°C","1.613","E","Estimated value"
"ET","Temperature change on land","021","Northern America","7271","Temperature change","7005","May","2025","2025","°C","1.422","E","Estimated value"
"ET","Temperature change on land","021","Northern America","6078","Standard Deviation","7005","May","1961","1961","°C","0.624","E","Estimated value"
"ET","Temperature change on land","021","Northern America","6078","Standard Deviation","7005","May","1962","1962","°C","0.624","E","Estimated value"
"ET","Temperature change on land","021","Northern America","6078","Standard Deviation","7005","May","1963","1963","°C","0.624","E","Estimated value"
"ET","Temperature change on land","021","Northern America","6078","Standard Deviation","7005","May","1964","1964","°C","0.624","E","Estimated value"
"ET","Temperature change on land","021","Northern America","6078","Standard Deviation","7005","May","1965","1965","°C","0.624","E","Estimated value"
"ET","Temperature change on land","021","Northern America","6078","Standard Deviation","7005","May","1966","1966","°C","0.624","E","Estimated value"
"ET","Temperature change on land","021","Northern America","6078","Standard Deviation","7005","May","1967","1967","°C","0.624","E","Estimated value"
"ET","Temperature change on land","021","Northern America","6078","Standard Deviation","7005","May","1968","1968","°C","0.624","E","Estimated value"
"ET","Temperature change on land","021","Northern America","6078","Standard Deviation","7005","May","1969","1969","°C","0.624","E","Estimated value"
"ET","Temperature change on land","021","Northern America","6078","Standard Deviation","7005","May","1970","1970","°C","0.624","E","Estimated value"
"ET","Temperature change on land","021","Northern America","6078","Standard Deviation","7005","May","1971","1971","°C","0.624","E","Estimated value"
"ET","Temperature change on land","021","Northern America","6078","Standard Deviation","7005","May","1972","1972","°C","0.624","E","Estimated value"
"ET","Temperature change on land","021","Northern America","6078","Standard Deviation","7005","May","1973","1973","°C","0.624","E","Estimated value"
"ET","Temperature change on land","021","Northern America","6078","Standard Deviation","7005","May","1974","1974","°C","0.624","E","Estimated value"
"ET","Temperature change on land","021","Northern America","6078","Standard Deviation","7005","May","1975","1975","°C","0.624","E","Estimated value"
"ET","Temperature change on land","021","Northern America","6078","Standard Deviation","7005","May","1976","1976","°C","0.624","E","Estimated value"
"ET","Temperature change on land","021","Northern America","6078","Standard Deviation","7005","May","1977","1977","°C","0.624","E","Estimated value"
"ET","Temperature change on land","021","Northern America","6078","Standard Deviation","7005","May","1978","1978","°C","0.624","E","Estimated value"
"ET","Temperature change on land","021","Northern America","6078","Standard Deviation","7005","May","1979","1979","°C","0.624","E","Estimated value"
"ET","Temperature change on land","021","Northern America","6078","Standard Deviation","7005","May","1980","1980","°C","0.624","E","Estimated value"
"ET","Temperature change on land","021","Northern America","6078","Standard Deviation","7005","May","1981","1981","°C","0.624","E","Estimated value"
"ET","Temperature change on land","021","Northern America","6078","Standard Deviation","7005","May","1982","1982","°C","0.624","E","Estimated value"
"ET","Temperature change on land","021","Northern America","6078","Standard Deviation","7005","May","1983","1983","°C","0.624","E","Estimated value"
"ET","Temperature change on land","021","Northern America","6078","Standard Deviation","7005","May","1984","1984","°C","0.624","E","Estimated value"
"ET","Temperature change on land","021","Northern America","6078","Standard Deviation","7005","May","1985","1985","°C","0.624","E","Estimated value"
"ET","Temperature change on land","021","Northern America","6078","Standard Deviation","7005","May","1986","1986","°C","0.624","E","Estimated value"
"ET","Temperature change on land","021","Northern America","6078","Standard Deviation","7005","May","1987","1987","°C","0.624","E","Estimated value"
"ET","Temperature change on land","021","Northern America","6078","Standard Deviation","7005","May","1988","1988","°C","0.624","E","Estimated value"
"ET","Temperature change on land","021","Northern America","6078","Standard Deviation","7005","May","1989","1989","°C","0.624","E","Estimated value"
"ET","Temperature change on land","021","Northern America","6078","Standard Deviation","7005","May","1990","1990","°C","0.624","E","Estimated value"
"ET","Temperature change on land","021","Northern America","6078","Standard Deviation","7005","May","1991","1991","°C","0.624","E","Estimated value"
"ET","Temperature change on land","021","Northern America","6078","Standard Deviation","7005","May","1992","1992","°C","0.624","E","Estimated value"
"ET","Temperature change on land","021","Northern America","6078","Standard Deviation","7005","May","1993","1993","°C","0.624","E","Estimated value"
"ET","Temperature change on land","021","Northern America","6078","Standard Deviation","7005","May","1994","1994","°C","0.624","E","Estimated value"
"ET","Temperature change on land","021","Northern America","6078","Standard Deviation","7005","May","1995","1995","°C","0.624","E","Estimated value"
"ET","Temperature change on land","021","Northern America","6078","Standard Deviation","7005","May","1996","1996","°C","0.624","E","Estimated value"
"ET","Temperature change on land","021","Northern America","6078","Standard Deviation","7005","May","1997","1997","°C","0.624","E","Estimated value"
"ET","Temperature change on land","021","Northern America","6078","Standard Deviation","7005","May","1998","1998","°C","0.624","E","Estimated value"
"ET","Temperature change on land","021","Northern America","6078","Standard Deviation","7005","May","1999","1999","°C","0.624","E","Estimated value"
"ET","Temperature change on land","021","Northern America","6078","Standard Deviation","7005","May","2000","2000","°C","0.624","E","Estimated value"
"ET","Temperature change on land","021","Northern America","6078","Standard Deviation","7005","May","2001","2001","°C","0.624","E","Estimated value"
"ET","Temperature change on land","021","Northern America","6078","Standard Deviation","7005","May","2002","2002","°C","0.624","E","Estimated value"
"ET","Temperature change on land","021","Northern America","6078","Standard Deviation","7005","May","2003","2003","°C","0.624","E","Estimated value"
"ET","Temperature change on land","021","Northern America","6078","Standard Deviation","7005","May","2004","2004","°C","0.624","E","Estimated value"
"ET","Temperature change on land","021","Northern America","6078","Standard Deviation","7005","May","2005","2005","°C","0.624","E","Estimated value"
"ET","Temperature change on land","021","Northern America","6078","Standard Deviation","7005","May","2006","2006","°C","0.624","E","Estimated value"
"ET","Temperature change on land","021","Northern America","6078","Standard Deviation","7005","May","2007","2007","°C","0.624","E","Estimated value"
"ET","Temperature change on land","021","Northern America","6078","Standard Deviation","7005","May","2008","2008","°C","0.624","E","Estimated value"
"ET","Temperature change on land","021","Northern America","6078","Standard Deviation","7005","May","2009","2009","°C","0.624","E","Estimated value"
"ET","Temperature change on land","021","Northern America","6078","Standard Deviation","7005","May","2010","2010","°C","0.624","E","Estimated value"
"ET","Temperature change on land","021","Northern America","6078","Standard Deviation","7005","May","2011","2011","°C","0.624","E","Estimated value"
"ET","Temperature change on land","021","Northern America","6078","Standard Deviation","7005","May","2012","2012","°C","0.624","E","Estimated value"
"ET","Temperature change on land","021","Northern America","6078","Standard Deviation","7005","May","2013","2013","°C","0.624","E","Estimated value"
"ET","Temperature change on land","021","Northern America","6078","Standard Deviation","7005","May","2014","2014","°C","0.624","E","Estimated value"
"ET","Temperature change on land","021","Northern America","6078","Standard Deviation","7005","May","2015","2015","°C","0.624","E","Estimated value"
"ET","Temperature change on land","021","Northern America","6078","Standard Deviation","7005","May","2016","2016","°C","0.624","E","Estimated value"
"ET","Temperature change on land","021","Northern America","6078","Standard Deviation","7005","May","2017","2017","°C","0.624","E","Estimated value"
"ET","Temperature change on land","021","Northern America","6078","Standard Deviation","7005","May","2018","2018","°C","0.624","E","Estimated value"
"ET","Temperature change on land","021","Northern America","6078","Standard Deviation","7005","May","2019","2019","°C","0.624","E","Estimated value"
"ET","Temperature change on land","021","Northern America","6078","Standard Deviation","7005","May","2020","2020","°C","0.624","E","Estimated value"
"ET","Temperature change on land","021","Northern America","6078","Standard Deviation","7005","May","2021","2021","°C","0.624","E","Estimated value"
"ET","Temperature change on land","021","Northern America","6078","Standard Deviation","7005","May","2022","2022","°C","0.624","E","Estimated value"
"ET","Temperature change on land","021","Northern America","6078","Standard Deviation","7005","May","2023","2023","°C","0.624","E","Estimated value"
"ET","Temperature change on land","021","Northern America","6078","Standard Deviation","7005","May","2024","2024","°C","0.624","E","Estimated value"
"ET","Temperature change on land","021","Northern America","6078","Standard Deviation","7005","May","2025","2025","°C","0.624","E","Estimated value"
"ET","Temperature change on land","021","Northern America","7271","Temperature change","7006","June","1961","1961","°C","0.607","E","Estimated value"
"ET","Temperature change on land","021","Northern America","7271","Temperature change","7006","June","1962","1962","°C","0.07","E","Estimated value"
"ET","Temperature change on land","021","Northern America","7271","Temperature change","7006","June","1963","1963","°C","-0.167","E","Estimated value"
"ET","Temperature change on land","021","Northern America","7271","Temperature change","7006","June","1964","1964","°C","-0.513","E","Estimated value"
"ET","Temperature change on land","021","Northern America","7271","Temperature change","7006","June","1965","1965","°C","-0.804","E","Estimated value"
"ET","Temperature change on land","021","Northern America","7271","Temperature change","7006","June","1966","1966","°C","0.072","E","Estimated value"
"ET","Temperature change on land","021","Northern America","7271","Temperature change","7006","June","1967","1967","°C","-0.136","E","Estimated value"
"ET","Temperature change on land","021","Northern America","7271","Temperature change","7006","June","1968","1968","°C","-0.248","E","Estimated value"
"ET","Temperature change on land","021","Northern America","7271","Temperature change","7006","June","1969","1969","°C","-0.821","E","Estimated value"
"ET","Temperature change on land","021","Northern America","7271","Temperature change","7006","June","1970","1970","°C","0.267","E","Estimated value"
"ET","Temperature change on land","021","Northern America","7271","Temperature change","7006","June","1971","1971","°C","0.536","E","Estimated value"
"ET","Temperature change on land","021","Northern America","7271","Temperature change","7006","June","1972","1972","°C","-0.548","E","Estimated value"
"ET","Temperature change on land","021","Northern America","7271","Temperature change","7006","June","1973","1973","°C","0.497","E","Estimated value"
"ET","Temperature change on land","021","Northern America","7271","Temperature change","7006","June","1974","1974","°C","0.135","E","Estimated value"
"ET","Temperature change on land","021","Northern America","7271","Temperature change","7006","June","1975","1975","°C","0.628","E","Estimated value"
"ET","Temperature change on land","021","Northern America","7271","Temperature change","7006","June","1976","1976","°C","-0.007","E","Estimated value"
"ET","Temperature change on land","021","Northern America","7271","Temperature change","7006","June","1977","1977","°C","0.713","E","Estimated value"
"ET","Temperature change on land","021","Northern America","7271","Temperature change","7006","June","1978","1978","°C","-0.51","E","Estimated value"
"ET","Temperature change on land","021","Northern America","7271","Temperature change","7006","June","1979","1979","°C","-0.166","E","Estimated value"
"ET","Temperature change on land","021","Northern America","7271","Temperature change","7006","June","1980","1980","°C","0.058","E","Estimated value"
"ET","Temperature change on land","021","Northern America","7271","Temperature change","7006","June","1981","1981","°C","0.162","E","Estimated value"
"ET","Temperature change on land","021","Northern America","7271","Temperature change","7006","June","1982","1982","°C","-0.42","E","Estimated value"
"ET","Temperature change on land","021","Northern America","7271","Temperature change","7006","June","1983","1983","°C","0.377","E","Estimated value"
"ET","Temperature change on land","021","Northern America","7271","Temperature change","7006","June","1984","1984","°C","0.554","E","Estimated value"
"ET","Temperature change on land","021","Northern America","7271","Temperature change","7006","June","1985","1985","°C","0.004","E","Estimated value"
"ET","Temperature change on land","021","Northern America","7271","Temperature change","7006","June","1986","1986","°C","-0.24","E","Estimated value"
"ET","Temperature change on land","021","Northern America","7271","Temperature change","7006","June","1987","1987","°C","0.667","E","Estimated value"
"ET","Temperature change on land","021","Northern America","7271","Temperature change","7006","June","1988","1988","°C","0.958","E","Estimated value"
"ET","Temperature change on land","021","Northern America","7271","Temperature change","7006","June","1989","1989","°C","0.624","E","Estimated value"
"ET","Temperature change on land","021","Northern America","7271","Temperature change","7006","June","1990","1990","°C","0.729","E","Estimated value"
"ET","Temperature change on land","021","Northern America","7271","Temperature change","7006","June","1991","1991","°C","0.928","E","Estimated value"
"ET","Temperature change on land","021","Northern America","7271","Temperature change","7006","June","1992","1992","°C","-0.562","E","Estimated value"
"ET","Temperature change on land","021","Northern America","7271","Temperature change","7006","June","1993","1993","°C","0.185","E","Estimated value"
"ET","Temperature change on land","021","Northern America","7271","Temperature change","7006","June","1994","1994","°C","1.159","E","Estimated value"
"ET","Temperature change on land","021","Northern America","7271","Temperature change","7006","June","1995","1995","°C","1.208","E","Estimated value"
"ET","Temperature change on land","021","Northern America","7271","Temperature change","7006","June","1996","1996","°C","0.835","E","Estimated value"
"ET","Temperature change on land","021","Northern America","7271","Temperature change","7006","June","1997","1997","°C","0.745","E","Estimated value"
"ET","Temperature change on land","021","Northern America","7271","Temperature change","7006","June","1998","1998","°C","1.203","E","Estimated value"
"ET","Temperature change on land","021","Northern America","7271","Temperature change","7006","June","1999","1999","°C","0.602","E","Estimated value"
"ET","Temperature change on land","021","Northern America","7271","Temperature change","7006","June","2000","2000","°C","0.022","E","Estimated value"
"ET","Temperature change on land","021","Northern America","7271","Temperature change","7006","June","2001","2001","°C","0.613","E","Estimated value"
"ET","Temperature change on land","021","Northern America","7271","Temperature change","7006","June","2002","2002","°C","0.92","E","Estimated value"
"ET","Temperature change on land","021","Northern America","7271","Temperature change","7006","June","2003","2003","°C","0.384","E","Estimated value"
"ET","Temperature change on land","021","Northern America","7271","Temperature change","7006","June","2004","2004","°C","0.126","E","Estimated value"
"ET","Temperature change on land","021","Northern America","7271","Temperature change","7006","June","2005","2005","°C","0.953","E","Estimated value"
"ET","Temperature change on land","021","Northern America","7271","Temperature change","7006","June","2006","2006","°C","1.694","E","Estimated value"
"ET","Temperature change on land","021","Northern America","7271","Temperature change","7006","June","2007","2007","°C","0.855","E","Estimated value"
"ET","Temperature change on land","021","Northern America","7271","Temperature change","7006","June","2008","2008","°C","0.855","E","Estimated value"
"ET","Temperature change on land","021","Northern America","7271","Temperature change","7006","June","2009","2009","°C","0.309","E","Estimated value"
"ET","Temperature change on land","021","Northern America","7271","Temperature change","7006","June","2010","2010","°C","0.914","E","Estimated value"
"ET","Temperature change on land","021","Northern America","7271","Temperature change","7006","June","2011","2011","°C","0.737","E","Estimated value"
"ET","Temperature change on land","021","Northern America","7271","Temperature change","7006","June","2012","2012","°C","1.659","E","Estimated value"
"ET","Temperature change on land","021","Northern America","7271","Temperature change","7006","June","2013","2013","°C","1.483","E","Estimated value"
"ET","Temperature change on land","021","Northern America","7271","Temperature change","7006","June","2014","2014","°C","0.989","E","Estimated value"
"ET","Temperature change on land","021","Northern America","7271","Temperature change","7006","June","2015","2015","°C","1.529","E","Estimated value"
"ET","Temperature change on land","021","Northern America","7271","Temperature change","7006","June","2016","2016","°C","1.61","E","Estimated value"
"ET","Temperature change on land","021","Northern America","7271","Temperature change","7006","June","2017","2017","°C","1.039","E","Estimated value"
"ET","Temperature change on land","021","Northern America","7271","Temperature change","7006","June","2018","2018","°C","0.887","E","Estimated value"
"ET","Temperature change on land","021","Northern America","7271","Temperature change","7006","June","2019","2019","°C","0.889","E","Estimated value"
"ET","Temperature change on land","021","Northern America","7271","Temperature change","7006","June","2020","2020","°C","1.048","E","Estimated value"
"ET","Temperature change on land","021","Northern America","7271","Temperature change","7006","June","2021","2021","°C","2.03","E","Estimated value"
"ET","Temperature change on land","021","Northern America","7271","Temperature change","7006","June","2022","2022","°C","1.561","E","Estimated value"
"ET","Temperature change on land","021","Northern America","7271","Temperature change","7006","June","2023","2023","°C","1.584","E","Estimated value"
"ET","Temperature change on land","021","Northern America","7271","Temperature change","7006","June","2024","2024","°C","1.56","E","Estimated value"
"ET","Temperature change on land","021","Northern America","7271","Temperature change","7006","June","2025","2025","°C","1.492","E","Estimated value"
"ET","Temperature change on land","021","Northern America","6078","Standard Deviation","7006","June","1961","1961","°C","0.427","E","Estimated value"
"ET","Temperature change on land","021","Northern America","6078","Standard Deviation","7006","June","1962","1962","°C","0.427","E","Estimated value"
"ET","Temperature change on land","021","Northern America","6078","Standard Deviation","7006","June","1963","1963","°C","0.427","E","Estimated value"
"ET","Temperature change on land","021","Northern America","6078","Standard Deviation","7006","June","1964","1964","°C","0.427","E","Estimated value"
"ET","Temperature change on land","021","Northern America","6078","Standard Deviation","7006","June","1965","1965","°C","0.427","E","Estimated value"
"ET","Temperature change on land","021","Northern America","6078","Standard Deviation","7006","June","1966","1966","°C","0.427","E","Estimated value"
"ET","Temperature change on land","021","Northern America","6078","Standard Deviation","7006","June","1967","1967","°C","0.427","E","Estimated value"
"ET","Temperature change on land","021","Northern America","6078","Standard Deviation","7006","June","1968","1968","°C","0.427","E","Estimated value"
"ET","Temperature change on land","021","Northern America","6078","Standard Deviation","7006","June","1969","1969","°C","0.427","E","Estimated value"
"ET","Temperature change on land","021","Northern America","6078","Standard Deviation","7006","June","1970","1970","°C","0.427","E","Estimated value"
"ET","Temperature change on land","021","Northern America","6078","Standard Deviation","7006","June","1971","1971","°C","0.427","E","Estimated value"
"ET","Temperature change on land","021","Northern America","6078","Standard Deviation","7006","June","1972","1972","°C","0.427","E","Estimated value"
"ET","Temperature change on land","021","Northern America","6078","Standard Deviation","7006","June","1973","1973","°C","0.427","E","Estimated value"
"ET","Temperature change on land","021","Northern America","6078","Standard Deviation","7006","June","1974","1974","°C","0.427","E","Estimated value"
"ET","Temperature change on land","021","Northern America","6078","Standard Deviation","7006","June","1975","1975","°C","0.427","E","Estimated value"
"ET","Temperature change on land","021","Northern America","6078","Standard Deviation","7006","June","1976","1976","°C","0.427","E","Estimated value"
"ET","Temperature change on land","021","Northern America","6078","Standard Deviation","7006","June","1977","1977","°C","0.427","E","Estimated value"
"ET","Temperature change on land","021","Northern America","6078","Standard Deviation","7006","June","1978","1978","°C","0.427","E","Estimated value"
"ET","Temperature change on land","021","Northern America","6078","Standard Deviation","7006","June","1979","1979","°C","0.427","E","Estimated value"
"ET","Temperature change on land","021","Northern America","6078","Standard Deviation","7006","June","1980","1980","°C","0.427","E","Estimated value"
"ET","Temperature change on land","021","Northern America","6078","Standard Deviation","7006","June","1981","1981","°C","0.427","E","Estimated value"
"ET","Temperature change on land","021","Northern America","6078","Standard Deviation","7006","June","1982","1982","°C","0.427","E","Estimated value"
"ET","Temperature change on land","021","Northern America","6078","Standard Deviation","7006","June","1983","1983","°C","0.427","E","Estimated value"
"ET","Temperature change on land","021","Northern America","6078","Standard Deviation","7006","June","1984","1984","°C","0.427","E","Estimated value"
"ET","Temperature change on land","021","Northern America","6078","Standard Deviation","7006","June","1985","1985","°C","0.427","E","Estimated value"
"ET","Temperature change on land","021","Northern America","6078","Standard Deviation","7006","June","1986","1986","°C","0.427","E","Estimated value"
"ET","Temperature change on land","021","Northern America","6078","Standard Deviation","7006","June","1987","1987","°C","0.427","E","Estimated value"
"ET","Temperature change on land","021","Northern America","6078","Standard Deviation","7006","June","1988","1988","°C","0.427","E","Estimated value"
"ET","Temperature change on land","021","Northern America","6078","Standard Deviation","7006","June","1989","1989","°C","0.427","E","Estimated value"
"ET","Temperature change on land","021","Northern America","6078","Standard Deviation","7006","June","1990","1990","°C","0.427","E","Estimated value"
"ET","Temperature change on land","021","Northern America","6078","Standard Deviation","7006","June","1991","1991","°C","0.427","E","Estimated value"
"ET","Temperature change on land","021","Northern America","6078","Standard Deviation","7006","June","1992","1992","°C","0.427","E","Estimated value"
"ET","Temperature change on land","021","Northern America","6078","Standard Deviation","7006","June","1993","1993","°C","0.427","E","Estimated value"
"ET","Temperature change on land","021","Northern America","6078","Standard Deviation","7006","June","1994","1994","°C","0.427","E","Estimated value"
"ET","Temperature change on land","021","Northern America","6078","Standard Deviation","7006","June","1995","1995","°C","0.427","E","Estimated value"
"ET","Temperature change on land","021","Northern America","6078","Standard Deviation","7006","June","1996","1996","°C","0.427","E","Estimated value"
"ET","Temperature change on land","021","Northern America","6078","Standard Deviation","7006","June","1997","1997","°C","0.427","E","Estimated value"
"ET","Temperature change on land","021","Northern America","6078","Standard Deviation","7006","June","1998","1998","°C","0.427","E","Estimated value"
"ET","Temperature change on land","021","Northern America","6078","Standard Deviation","7006","June","1999","1999","°C","0.427","E","Estimated value"
"ET","Temperature change on land","021","Northern America","6078","Standard Deviation","7006","June","2000","2000","°C","0.427","E","Estimated value"
"ET","Temperature change on land","021","Northern America","6078","Standard Deviation","7006","June","2001","2001","°C","0.427","E","Estimated value"
"ET","Temperature change on land","021","Northern America","6078","Standard Deviation","7006","June","2002","2002","°C","0.427","E","Estimated value"
"ET","Temperature change on land","021","Northern America","6078","Standard Deviation","7006","June","2003","2003","°C","0.427","E","Estimated value"
"ET","Temperature change on land","021","Northern America","6078","Standard Deviation","7006","June","2004","2004","°C","0.427","E","Estimated value"
"ET","Temperature change on land","021","Northern America","6078","Standard Deviation","7006","June","2005","2005","°C","0.427","E","Estimated value"
"ET","Temperature change on land","021","Northern America","6078","Standard Deviation","7006","June","2006","2006","°C","0.427","E","Estimated value"
"ET","Temperature change on land","021","Northern America","6078","Standard Deviation","7006","June","2007","2007","°C","0.427","E","Estimated value"
"ET","Temperature change on land","021","Northern America","6078","Standard Deviation","7006","June","2008","2008","°C","0.427","E","Estimated value"
"ET","Temperature change on land","021","Northern America","6078","Standard Deviation","7006","June","2009","2009","°C","0.427","E","Estimated value"
"ET","Temperature change on land","021","Northern America","6078","Standard Deviation","7006","June","2010","2010","°C","0.427","E","Estimated value"
"ET","Temperature change on land","021","Northern America","6078","Standard Deviation","7006","June","2011","2011","°C","0.427","E","Estimated value"
"ET","Temperature change on land","021","Northern America","6078","Standard Deviation","7006","June","2012","2012","°C","0.427","E","Estimated value"
"ET","Temperature change on land","021","Northern America","6078","Standard Deviation","7006","June","2013","2013","°C","0.427","E","Estimated value"
"ET","Temperature change on land","021","Northern America","6078","Standard Deviation","7006","June","2014","2014","°C","0.427","E","Estimated value"
"ET","Temperature change on land","021","Northern America","6078","Standard Deviation","7006","June","2015","2015","°C","0.427","E","Estimated value"
"ET","Temperature change on land","021","Northern America","6078","Standard Deviation","7006","June","2016","2016","°C","0.427","E","Estimated value"
"ET","Temperature change on land","021","Northern America","6078","Standard Deviation","7006","June","2017","2017","°C","0.427","E","Estimated value"
"ET","Temperature change on land","021","Northern America","6078","Standard Deviation","7006","June","2018","2018","°C","0.427","E","Estimated value"
"ET","Temperature change on land","021","Northern America","6078","Standard Deviation","7006","June","2019","2019","°C","0.427","E","Estimated value"
"ET","Temperature change on land","021","Northern America","6078","Standard Deviation","7006","June","2020","2020","°C","0.427","E","Estimated value"
"ET","Temperature change on land","021","Northern America","6078","Standard Deviation","7006","June","2021","2021","°C","0.427","E","Estimated value"
"ET","Temperature change on land","021","Northern America","6078","Standard Deviation","7006","June","2022","2022","°C","0.427","E","Estimated value"
"ET","Temperature change on land","021","Northern America","6078","Standard Deviation","7006","June","2023","2023","°C","0.427","E","Estimated value"
"ET","Temperature change on land","021","Northern America","6078","Standard Deviation","7006","June","2024","2024","°C","0.427","E","Estimated value"
"ET","Temperature change on land","021","Northern America","6078","Standard Deviation","7006","June","2025","2025","°C","0.427","E","Estimated value"
"ET","Temperature change on land","021","Northern America","7271","Temperature change","7007","July","1961","1961","°C","0.256","E","Estimated value"
"ET","Temperature change on land","021","Northern America","7271","Temperature change","7007","July","1962","1962","°C","-0.3","E","Estimated value"
"ET","Temperature change on land","021","Northern America","7271","Temperature change","7007","July","1963","1963","°C","0.165","E","Estimated value"
"ET","Temperature change on land","021","Northern America","7271","Temperature change","7007","July","1964","1964","°C","0.036","E","Estimated value"
"ET","Temperature change on land","021","Northern America","7271","Temperature change","7007","July","1965","1965","°C","-0.692","E","Estimated value"
"ET","Temperature change on land","021","Northern America","7271","Temperature change","7007","July","1966","1966","°C","0.408","E","Estimated value"
"ET","Temperature change on land","021","Northern America","7271","Temperature change","7007","July","1967","1967","°C","-0.325","E","Estimated value"
"ET","Temperature change on land","021","Northern America","7271","Temperature change","7007","July","1968","1968","°C","-0.53","E","Estimated value"
"ET","Temperature change on land","021","Northern America","7271","Temperature change","7007","July","1969","1969","°C","-0.183","E","Estimated value"
"ET","Temperature change on land","021","Northern America","7271","Temperature change","7007","July","1970","1970","°C","0.261","E","Estimated value"
"ET","Temperature change on land","021","Northern America","7271","Temperature change","7007","July","1971","1971","°C","-0.288","E","Estimated value"
"ET","Temperature change on land","021","Northern America","7271","Temperature change","7007","July","1972","1972","°C","-0.903","E","Estimated value"
"ET","Temperature change on land","021","Northern America","7271","Temperature change","7007","July","1973","1973","°C","0.298","E","Estimated value"
"ET","Temperature change on land","021","Northern America","7271","Temperature change","7007","July","1974","1974","°C","0.179","E","Estimated value"
"ET","Temperature change on land","021","Northern America","7271","Temperature change","7007","July","1975","1975","°C","0.646","E","Estimated value"
"ET","Temperature change on land","021","Northern America","7271","Temperature change","7007","July","1976","1976","°C","-0.11","E","Estimated value"
"ET","Temperature change on land","021","Northern America","7271","Temperature change","7007","July","1977","1977","°C","0.013","E","Estimated value"
"ET","Temperature change on land","021","Northern America","7271","Temperature change","7007","July","1978","1978","°C","-0.328","E","Estimated value"
"ET","Temperature change on land","021","Northern America","7271","Temperature change","7007","July","1979","1979","°C","0.427","E","Estimated value"
"ET","Temperature change on land","021","Northern America","7271","Temperature change","7007","July","1980","1980","°C","0.265","E","Estimated value"
"ET","Temperature change on land","021","Northern America","7271","Temperature change","7007","July","1981","1981","°C","0.407","E","Estimated value"
"ET","Temperature change on land","021","Northern America","7271","Temperature change","7007","July","1982","1982","°C","0.152","E","Estimated value"
"ET","Temperature change on land","021","Northern America","7271","Temperature change","7007","July","1983","1983","°C","0.357","E","Estimated value"
"ET","Temperature change on land","021","Northern America","7271","Temperature change","7007","July","1984","1984","°C","0.388","E","Estimated value"
"ET","Temperature change on land","021","Northern America","7271","Temperature change","7007","July","1985","1985","°C","0.022","E","Estimated value"
"ET","Temperature change on land","021","Northern America","7271","Temperature change","7007","July","1986","1986","°C","-0.288","E","Estimated value"
"ET","Temperature change on land","021","Northern America","7271","Temperature change","7007","July","1987","1987","°C","0.204","E","Estimated value"
"ET","Temperature change on land","021","Northern America","7271","Temperature change","7007","July","1988","1988","°C","0.732","E","Estimated value"
"ET","Temperature change on land","021","Northern America","7271","Temperature change","7007","July","1989","1989","°C","0.912","E","Estimated value"
"ET","Temperature change on land","021","Northern America","7271","Temperature change","7007","July","1990","1990","°C","0.455","E","Estimated value"
"ET","Temperature change on land","021","Northern America","7271","Temperature change","7007","July","1991","1991","°C","0.346","E","Estimated value"
"ET","Temperature change on land","021","Northern America","7271","Temperature change","7007","July","1992","1992","°C","-1.027","E","Estimated value"
"ET","Temperature change on land","021","Northern America","7271","Temperature change","7007","July","1993","1993","°C","0.055","E","Estimated value"
"ET","Temperature change on land","021","Northern America","7271","Temperature change","7007","July","1994","1994","°C","0.687","E","Estimated value"
"ET","Temperature change on land","021","Northern America","7271","Temperature change","7007","July","1995","1995","°C","0.075","E","Estimated value"
"ET","Temperature change on land","021","Northern America","7271","Temperature change","7007","July","1996","1996","°C","0.438","E","Estimated value"
"ET","Temperature change on land","021","Northern America","7271","Temperature change","7007","July","1997","1997","°C","0.524","E","Estimated value"
"ET","Temperature change on land","021","Northern America","7271","Temperature change","7007","July","1998","1998","°C","1.369","E","Estimated value"
"ET","Temperature change on land","021","Northern America","7271","Temperature change","7007","July","1999","1999","°C","0.245","E","Estimated value"
"ET","Temperature change on land","021","Northern America","7271","Temperature change","7007","July","2000","2000","°C","0.597","E","Estimated value"
"ET","Temperature change on land","021","Northern America","7271","Temperature change","7007","July","2001","2001","°C","0.777","E","Estimated value"
"ET","Temperature change on land","021","Northern America","7271","Temperature change","7007","July","2002","2002","°C","0.838","E","Estimated value"
"ET","Temperature change on land","021","Northern America","7271","Temperature change","7007","July","2003","2003","°C","1.03","E","Estimated value"
"ET","Temperature change on land","021","Northern America","7271","Temperature change","7007","July","2004","2004","°C","0.37","E","Estimated value"
"ET","Temperature change on land","021","Northern America","7271","Temperature change","7007","July","2005","2005","°C","0.62","E","Estimated value"
"ET","Temperature change on land","021","Northern America","7271","Temperature change","7007","July","2006","2006","°C","1.247","E","Estimated value"
"ET","Temperature change on land","021","Northern America","7271","Temperature change","7007","July","2007","2007","°C","1.408","E","Estimated value"
"ET","Temperature change on land","021","Northern America","7271","Temperature change","7007","July","2008","2008","°C","0.679","E","Estimated value"
"ET","Temperature change on land","021","Northern America","7271","Temperature change","7007","July","2009","2009","°C","0.233","E","Estimated value"
"ET","Temperature change on land","021","Northern America","7271","Temperature change","7007","July","2010","2010","°C","1.121","E","Estimated value"
"ET","Temperature change on land","021","Northern America","7271","Temperature change","7007","July","2011","2011","°C","1.257","E","Estimated value"
"ET","Temperature change on land","021","Northern America","7271","Temperature change","7007","July","2012","2012","°C","1.775","E","Estimated value"
"ET","Temperature change on land","021","Northern America","7271","Temperature change","7007","July","2013","2013","°C","0.564","E","Estimated value"
"ET","Temperature change on land","021","Northern America","7271","Temperature change","7007","July","2014","2014","°C","0.802","E","Estimated value"
"ET","Temperature change on land","021","Northern America","7271","Temperature change","7007","July","2015","2015","°C","0.646","E","Estimated value"
"ET","Temperature change on land","021","Northern America","7271","Temperature change","7007","July","2016","2016","°C","1.24","E","Estimated value"
"ET","Temperature change on land","021","Northern America","7271","Temperature change","7007","July","2017","2017","°C","0.995","E","Estimated value"
"ET","Temperature change on land","021","Northern America","7271","Temperature change","7007","July","2018","2018","°C","1.254","E","Estimated value"
"ET","Temperature change on land","021","Northern America","7271","Temperature change","7007","July","2019","2019","°C","0.976","E","Estimated value"
"ET","Temperature change on land","021","Northern America","7271","Temperature change","7007","July","2020","2020","°C","1.501","E","Estimated value"
"ET","Temperature change on land","021","Northern America","7271","Temperature change","7007","July","2021","2021","°C","1.083","E","Estimated value"
"ET","Temperature change on land","021","Northern America","7271","Temperature change","7007","July","2022","2022","°C","1.538","E","Estimated value"
"ET","Temperature change on land","021","Northern America","7271","Temperature change","7007","July","2023","2023","°C","1.783","E","Estimated value"
"ET","Temperature change on land","021","Northern America","7271","Temperature change","7007","July","2024","2024","°C","1.669","E","Estimated value"
"ET","Temperature change on land","021","Northern America","7271","Temperature change","7007","July","2025","2025","°C","1.09","E","Estimated value"
"ET","Temperature change on land","021","Northern America","6078","Standard Deviation","7007","July","1961","1961","°C","0.352","E","Estimated value"
"ET","Temperature change on land","021","Northern America","6078","Standard Deviation","7007","July","1962","1962","°C","0.352","E","Estimated value"
"ET","Temperature change on land","021","Northern America","6078","Standard Deviation","7007","July","1963","1963","°C","0.352","E","Estimated value"
"ET","Temperature change on land","021","Northern America","6078","Standard Deviation","7007","July","1964","1964","°C","0.352","E","Estimated value"
"ET","Temperature change on land","021","Northern America","6078","Standard Deviation","7007","July","1965","1965","°C","0.352","E","Estimated value"
"ET","Temperature change on land","021","Northern America","6078","Standard Deviation","7007","July","1966","1966","°C","0.352","E","Estimated value"
"ET","Temperature change on land","021","Northern America","6078","Standard Deviation","7007","July","1967","1967","°C","0.352","E","Estimated value"
"ET","Temperature change on land","021","Northern America","6078","Standard Deviation","7007","July","1968","1968","°C","0.352","E","Estimated value"
"ET","Temperature change on land","021","Northern America","6078","Standard Deviation","7007","July","1969","1969","°C","0.352","E","Estimated value"
"ET","Temperature change on land","021","Northern America","6078","Standard Deviation","7007","July","1970","1970","°C","0.352","E","Estimated value"
"ET","Temperature change on land","021","Northern America","6078","Standard Deviation","7007","July","1971","1971","°C","0.352","E","Estimated value"
"ET","Temperature change on land","021","Northern America","6078","Standard Deviation","7007","July","1972","1972","°C","0.352","E","Estimated value"
"ET","Temperature change on land","021","Northern America","6078","Standard Deviation","7007","July","1973","1973","°C","0.352","E","Estimated value"
"ET","Temperature change on land","021","Northern America","6078","Standard Deviation","7007","July","1974","1974","°C","0.352","E","Estimated value"
"ET","Temperature change on land","021","Northern America","6078","Standard Deviation","7007","July","1975","1975","°C","0.352","E","Estimated value"
"ET","Temperature change on land","021","Northern America","6078","Standard Deviation","7007","July","1976","1976","°C","0.352","E","Estimated value"
"ET","Temperature change on land","021","Northern America","6078","Standard Deviation","7007","July","1977","1977","°C","0.352","E","Estimated value"
"ET","Temperature change on land","021","Northern America","6078","Standard Deviation","7007","July","1978","1978","°C","0.352","E","Estimated value"
"ET","Temperature change on land","021","Northern America","6078","Standard Deviation","7007","July","1979","1979","°C","0.352","E","Estimated value"
"ET","Temperature change on land","021","Northern America","6078","Standard Deviation","7007","July","1980","1980","°C","0.352","E","Estimated value"
"ET","Temperature change on land","021","Northern America","6078","Standard Deviation","7007","July","1981","1981","°C","0.352","E","Estimated value"
"ET","Temperature change on land","021","Northern America","6078","Standard Deviation","7007","July","1982","1982","°C","0.352","E","Estimated value"
"ET","Temperature change on land","021","Northern America","6078","Standard Deviation","7007","July","1983","1983","°C","0.352","E","Estimated value"
"ET","Temperature change on land","021","Northern America","6078","Standard Deviation","7007","July","1984","1984","°C","0.352","E","Estimated value"
"ET","Temperature change on land","021","Northern America","6078","Standard Deviation","7007","July","1985","1985","°C","0.352","E","Estimated value"
"ET","Temperature change on land","021","Northern America","6078","Standard Deviation","7007","July","1986","1986","°C","0.352","E","Estimated value"
"ET","Temperature change on land","021","Northern America","6078","Standard Deviation","7007","July","1987","1987","°C","0.352","E","Estimated value"
"ET","Temperature change on land","021","Northern America","6078","Standard Deviation","7007","July","1988","1988","°C","0.352","E","Estimated value"
"ET","Temperature change on land","021","Northern America","6078","Standard Deviation","7007","July","1989","1989","°C","0.352","E","Estimated value"
"ET","Temperature change on land","021","Northern America","6078","Standard Deviation","7007","July","1990","1990","°C","0.352","E","Estimated value"
"ET","Temperature change on land","021","Northern America","6078","Standard Deviation","7007","July","1991","1991","°C","0.352","E","Estimated value"
"ET","Temperature change on land","021","Northern America","6078","Standard Deviation","7007","July","1992","1992","°C","0.352","E","Estimated value"
"ET","Temperature change on land","021","Northern America","6078","Standard Deviation","7007","July","1993","1993","°C","0.352","E","Estimated value"
"ET","Temperature change on land","021","Northern America","6078","Standard Deviation","7007","July","1994","1994","°C","0.352","E","Estimated value"
"ET","Temperature change on land","021","Northern America","6078","Standard Deviation","7007","July","1995","1995","°C","0.352","E","Estimated value"
"ET","Temperature change on land","021","Northern America","6078","Standard Deviation","7007","July","1996","1996","°C","0.352","E","Estimated value"
"ET","Temperature change on land","021","Northern America","6078","Standard Deviation","7007","July","1997","1997","°C","0.352","E","Estimated value"
"ET","Temperature change on land","021","Northern America","6078","Standard Deviation","7007","July","1998","1998","°C","0.352","E","Estimated value"
"ET","Temperature change on land","021","Northern America","6078","Standard Deviation","7007","July","1999","1999","°C","0.352","E","Estimated value"
"ET","Temperature change on land","021","Northern America","6078","Standard Deviation","7007","July","2000","2000","°C","0.352","E","Estimated value"
"ET","Temperature change on land","021","Northern America","6078","Standard Deviation","7007","July","2001","2001","°C","0.352","E","Estimated value"
"ET","Temperature change on land","021","Northern America","6078","Standard Deviation","7007","July","2002","2002","°C","0.352","E","Estimated value"
"ET","Temperature change on land","021","Northern America","6078","Standard Deviation","7007","July","2003","2003","°C","0.352","E","Estimated value"
"ET","Temperature change on land","021","Northern America","6078","Standard Deviation","7007","July","2004","2004","°C","0.352","E","Estimated value"
"ET","Temperature change on land","021","Northern America","6078","Standard Deviation","7007","July","2005","2005","°C","0.352","E","Estimated value"
"ET","Temperature change on land","021","Northern America","6078","Standard Deviation","7007","July","2006","2006","°C","0.352","E","Estimated value"
"ET","Temperature change on land","021","Northern America","6078","Standard Deviation","7007","July","2007","2007","°C","0.352","E","Estimated value"
"ET","Temperature change on land","021","Northern America","6078","Standard Deviation","7007","July","2008","2008","°C","0.352","E","Estimated value"
"ET","Temperature change on land","021","Northern America","6078","Standard Deviation","7007","July","2009","2009","°C","0.352","E","Estimated value"
"ET","Temperature change on land","021","Northern America","6078","Standard Deviation","7007","July","2010","2010","°C","0.352","E","Estimated value"
"ET","Temperature change on land","021","Northern America","6078","Standard Deviation","7007","July","2011","2011","°C","0.352","E","Estimated value"
"ET","Temperature change on land","021","Northern America","6078","Standard Deviation","7007","July","2012","2012","°C","0.352","E","Estimated value"
"ET","Temperature change on land","021","Northern America","6078","Standard Deviation","7007","July","2013","2013","°C","0.352","E","Estimated value"
"ET","Temperature change on land","021","Northern America","6078","Standard Deviation","7007","July","2014","2014","°C","0.352","E","Estimated value"
"ET","Temperature change on land","021","Northern America","6078","Standard Deviation","7007","July","2015","2015","°C","0.352","E","Estimated value"
"ET","Temperature change on land","021","Northern America","6078","Standard Deviation","7007","July","2016","2016","°C","0.352","E","Estimated value"
"ET","Temperature change on land","021","Northern America","6078","Standard Deviation","7007","July","2017","2017","°C","0.352","E","Estimated value"
"ET","Temperature change on land","021","Northern America","6078","Standard Deviation","7007","July","2018","2018","°C","0.352","E","Estimated value"
"ET","Temperature change on land","021","Northern America","6078","Standard Deviation","7007","July","2019","2019","°C","0.352","E","Estimated value"
"ET","Temperature change on land","021","Northern America","6078","Standard Deviation","7007","July","2020","2020","°C","0.352","E","Estimated value"
"ET","Temperature change on land","021","Northern America","6078","Standard Deviation","7007","July","2021","2021","°C","0.352","E","Estimated value"
"ET","Temperature change on land","021","Northern America","6078","Standard Deviation","7007","July","2022","2022","°C","0.352","E","Estimated value"
"ET","Temperature change on land","021","Northern America","6078","Standard Deviation","7007","July","2023","2023","°C","0.352","E","Estimated value"
"ET","Temperature change on land","021","Northern America","6078","Standard Deviation","7007","July","2024","2024","°C","0.352","E","Estimated value"
"ET","Temperature change on land","021","Northern America","6078","Standard Deviation","7007","July","2025","2025","°C","0.352","E","Estimated value"
"ET","Temperature change on land","021","Northern America","7271","Temperature change","7008","August","1961","1961","°C","0.414","E","Estimated value"
"ET","Temperature change on land","021","Northern America","7271","Temperature change","7008","August","1962","1962","°C","0.2","E","Estimated value"
"ET","Temperature change on land","021","Northern America","7271","Temperature change","7008","August","1963","1963","°C","0.063","E","Estimated value"
"ET","Temperature change on land","021","Northern America","7271","Temperature change","7008","August","1964","1964","°C","-0.656","E","Estimated value"
"ET","Temperature change on land","021","Northern America","7271","Temperature change","7008","August","1965","1965","°C","-0.576","E","Estimated value"
"ET","Temperature change on land","021","Northern America","7271","Temperature change","7008","August","1966","1966","°C","-0.082","E","Estimated value"
"ET","Temperature change on land","021","Northern America","7271","Temperature change","7008","August","1967","1967","°C","0.114","E","Estimated value"
"ET","Temperature change on land","021","Northern America","7271","Temperature change","7008","August","1968","1968","°C","-0.958","E","Estimated value"
"ET","Temperature change on land","021","Northern America","7271","Temperature change","7008","August","1969","1969","°C","0.287","E","Estimated value"
"ET","Temperature change on land","021","Northern America","7271","Temperature change","7008","August","1970","1970","°C","0.482","E","Estimated value"
"ET","Temperature change on land","021","Northern America","7271","Temperature change","7008","August","1971","1971","°C","0.067","E","Estimated value"
"ET","Temperature change on land","021","Northern America","7271","Temperature change","7008","August","1972","1972","°C","-0.141","E","Estimated value"
"ET","Temperature change on land","021","Northern America","7271","Temperature change","7008","August","1973","1973","°C","0.691","E","Estimated value"
"ET","Temperature change on land","021","Northern America","7271","Temperature change","7008","August","1974","1974","°C","-0.458","E","Estimated value"
"ET","Temperature change on land","021","Northern America","7271","Temperature change","7008","August","1975","1975","°C","-0.164","E","Estimated value"
"ET","Temperature change on land","021","Northern America","7271","Temperature change","7008","August","1976","1976","°C","-0.191","E","Estimated value"
"ET","Temperature change on land","021","Northern America","7271","Temperature change","7008","August","1977","1977","°C","-0.201","E","Estimated value"
"ET","Temperature change on land","021","Northern America","7271","Temperature change","7008","August","1978","1978","°C","-0.386","E","Estimated value"
"ET","Temperature change on land","021","Northern America","7271","Temperature change","7008","August","1979","1979","°C","-0.358","E","Estimated value"
"ET","Temperature change on land","021","Northern America","7271","Temperature change","7008","August","1980","1980","°C","0.401","E","Estimated value"
"ET","Temperature change on land","021","Northern America","7271","Temperature change","7008","August","1981","1981","°C","0.821","E","Estimated value"
"ET","Temperature change on land","021","Northern America","7271","Temperature change","7008","August","1982","1982","°C","-0.727","E","Estimated value"
"ET","Temperature change on land","021","Northern America","7271","Temperature change","7008","August","1983","1983","°C","1.032","E","Estimated value"
"ET","Temperature change on land","021","Northern America","7271","Temperature change","7008","August","1984","1984","°C","0.713","E","Estimated value"
"ET","Temperature change on land","021","Northern America","7271","Temperature change","7008","August","1985","1985","°C","-0.491","E","Estimated value"
"ET","Temperature change on land","021","Northern America","7271","Temperature change","7008","August","1986","1986","°C","-0.314","E","Estimated value"
"ET","Temperature change on land","021","Northern America","7271","Temperature change","7008","August","1987","1987","°C","-0.43","E","Estimated value"
"ET","Temperature change on land","021","Northern America","7271","Temperature change","7008","August","1988","1988","°C","0.815","E","Estimated value"
"ET","Temperature change on land","021","Northern America","7271","Temperature change","7008","August","1989","1989","°C","0.585","E","Estimated value"
"ET","Temperature change on land","021","Northern America","7271","Temperature change","7008","August","1990","1990","°C","0.423","E","Estimated value"
"ET","Temperature change on land","021","Northern America","7271","Temperature change","7008","August","1991","1991","°C","0.877","E","Estimated value"
"ET","Temperature change on land","021","Northern America","7271","Temperature change","7008","August","1992","1992","°C","-0.593","E","Estimated value"
"ET","Temperature change on land","021","Northern America","7271","Temperature change","7008","August","1993","1993","°C","0.213","E","Estimated value"
"ET","Temperature change on land","021","Northern America","7271","Temperature change","7008","August","1994","1994","°C","0.356","E","Estimated value"
"ET","Temperature change on land","021","Northern America","7271","Temperature change","7008","August","1995","1995","°C","0.635","E","Estimated value"
"ET","Temperature change on land","021","Northern America","7271","Temperature change","7008","August","1996","1996","°C","0.242","E","Estimated value"
"ET","Temperature change on land","021","Northern America","7271","Temperature change","7008","August","1997","1997","°C","0.27","E","Estimated value"
"ET","Temperature change on land","021","Northern America","7271","Temperature change","7008","August","1998","1998","°C","1.349","E","Estimated value"
"ET","Temperature change on land","021","Northern America","7271","Temperature change","7008","August","1999","1999","°C","0.701","E","Estimated value"
"ET","Temperature change on land","021","Northern America","7271","Temperature change","7008","August","2000","2000","°C","0.508","E","Estimated value"
"ET","Temperature change on land","021","Northern America","7271","Temperature change","7008","August","2001","2001","°C","1.269","E","Estimated value"
"ET","Temperature change on land","021","Northern America","7271","Temperature change","7008","August","2002","2002","°C","0.397","E","Estimated value"
"ET","Temperature change on land","021","Northern America","7271","Temperature change","7008","August","2003","2003","°C","1.258","E","Estimated value"
"ET","Temperature change on land","021","Northern America","7271","Temperature change","7008","August","2004","2004","°C","-0.318","E","Estimated value"
"ET","Temperature change on land","021","Northern America","7271","Temperature change","7008","August","2005","2005","°C","0.719","E","Estimated value"
"ET","Temperature change on land","021","Northern America","7271","Temperature change","7008","August","2006","2006","°C","0.781","E","Estimated value"
"ET","Temperature change on land","021","Northern America","7271","Temperature change","7008","August","2007","2007","°C","0.737","E","Estimated value"
"ET","Temperature change on land","021","Northern America","7271","Temperature change","7008","August","2008","2008","°C","0.693","E","Estimated value"
"ET","Temperature change on land","021","Northern America","7271","Temperature change","7008","August","2009","2009","°C","0.402","E","Estimated value"
"ET","Temperature change on land","021","Northern America","7271","Temperature change","7008","August","2010","2010","°C","1.401","E","Estimated value"
"ET","Temperature change on land","021","Northern America","7271","Temperature change","7008","August","2011","2011","°C","1.387","E","Estimated value"
"ET","Temperature change on land","021","Northern America","7271","Temperature change","7008","August","2012","2012","°C","1.425","E","Estimated value"
"ET","Temperature change on land","021","Northern America","7271","Temperature change","7008","August","2013","2013","°C","1.028","E","Estimated value"
"ET","Temperature change on land","021","Northern America","7271","Temperature change","7008","August","2014","2014","°C","0.902","E","Estimated value"
"ET","Temperature change on land","021","Northern America","7271","Temperature change","7008","August","2015","2015","°C","0.887","E","Estimated value"
"ET","Temperature change on land","021","Northern America","7271","Temperature change","7008","August","2016","2016","°C","1.458","E","Estimated value"
"ET","Temperature change on land","021","Northern America","7271","Temperature change","7008","August","2017","2017","°C","0.877","E","Estimated value"
"ET","Temperature change on land","021","Northern America","7271","Temperature change","7008","August","2018","2018","°C","0.665","E","Estimated value"
"ET","Temperature change on land","021","Northern America","7271","Temperature change","7008","August","2019","2019","°C","0.881","E","Estimated value"
"ET","Temperature change on land","021","Northern America","7271","Temperature change","7008","August","2020","2020","°C","1.462","E","Estimated value"
"ET","Temperature change on land","021","Northern America","7271","Temperature change","7008","August","2021","2021","°C","1.181","E","Estimated value"
"ET","Temperature change on land","021","Northern America","7271","Temperature change","7008","August","2022","2022","°C","1.851","E","Estimated value"
"ET","Temperature change on land","021","Northern America","7271","Temperature change","7008","August","2023","2023","°C","1.679","E","Estimated value"
"ET","Temperature change on land","021","Northern America","7271","Temperature change","7008","August","2024","2024","°C","1.622","E","Estimated value"
"ET","Temperature change on land","021","Northern America","7271","Temperature change","7008","August","2025","2025","°C","1.626","E","Estimated value"
"ET","Temperature change on land","021","Northern America","6078","Standard Deviation","7008","August","1961","1961","°C","0.409","E","Estimated value"
"ET","Temperature change on land","021","Northern America","6078","Standard Deviation","7008","August","1962","1962","°C","0.409","E","Estimated value"
"ET","Temperature change on land","021","Northern America","6078","Standard Deviation","7008","August","1963","1963","°C","0.409","E","Estimated value"
"ET","Temperature change on land","021","Northern America","6078","Standard Deviation","7008","August","1964","1964","°C","0.409","E","Estimated value"
"ET","Temperature change on land","021","Northern America","6078","Standard Deviation","7008","August","1965","1965","°C","0.409","E","Estimated value"
"ET","Temperature change on land","021","Northern America","6078","Standard Deviation","7008","August","1966","1966","°C","0.409","E","Estimated value"
"ET","Temperature change on land","021","Northern America","6078","Standard Deviation","7008","August","1967","1967","°C","0.409","E","Estimated value"
"ET","Temperature change on land","021","Northern America","6078","Standard Deviation","7008","August","1968","1968","°C","0.409","E","Estimated value"
"ET","Temperature change on land","021","Northern America","6078","Standard Deviation","7008","August","1969","1969","°C","0.409","E","Estimated value"
"ET","Temperature change on land","021","Northern America","6078","Standard Deviation","7008","August","1970","1970","°C","0.409","E","Estimated value"
"ET","Temperature change on land","021","Northern America","6078","Standard Deviation","7008","August","1971","1971","°C","0.409","E","Estimated value"
"ET","Temperature change on land","021","Northern America","6078","Standard Deviation","7008","August","1972","1972","°C","0.409","E","Estimated value"
"ET","Temperature change on land","021","Northern America","6078","Standard Deviation","7008","August","1973","1973","°C","0.409","E","Estimated value"
"ET","Temperature change on land","021","Northern America","6078","Standard Deviation","7008","August","1974","1974","°C","0.409","E","Estimated value"
"ET","Temperature change on land","021","Northern America","6078","Standard Deviation","7008","August","1975","1975","°C","0.409","E","Estimated value"
"ET","Temperature change on land","021","Northern America","6078","Standard Deviation","7008","August","1976","1976","°C","0.409","E","Estimated value"
"ET","Temperature change on land","021","Northern America","6078","Standard Deviation","7008","August","1977","1977","°C","0.409","E","Estimated value"
"ET","Temperature change on land","021","Northern America","6078","Standard Deviation","7008","August","1978","1978","°C","0.409","E","Estimated value"
"ET","Temperature change on land","021","Northern America","6078","Standard Deviation","7008","August","1979","1979","°C","0.409","E","Estimated value"
"ET","Temperature change on land","021","Northern America","6078","Standard Deviation","7008","August","1980","1980","°C","0.409","E","Estimated value"
"ET","Temperature change on land","021","Northern America","6078","Standard Deviation","7008","August","1981","1981","°C","0.409","E","Estimated value"
"ET","Temperature change on land","021","Northern America","6078","Standard Deviation","7008","August","1982","1982","°C","0.409","E","Estimated value"
"ET","Temperature change on land","021","Northern America","6078","Standard Deviation","7008","August","1983","1983","°C","0.409","E","Estimated value"
"ET","Temperature change on land","021","Northern America","6078","Standard Deviation","7008","August","1984","1984","°C","0.409","E","Estimated value"
"ET","Temperature change on land","021","Northern America","6078","Standard Deviation","7008","August","1985","1985","°C","0.409","E","Estimated value"
"ET","Temperature change on land","021","Northern America","6078","Standard Deviation","7008","August","1986","1986","°C","0.409","E","Estimated value"
"ET","Temperature change on land","021","Northern America","6078","Standard Deviation","7008","August","1987","1987","°C","0.409","E","Estimated value"
"ET","Temperature change on land","021","Northern America","6078","Standard Deviation","7008","August","1988","1988","°C","0.409","E","Estimated value"
"ET","Temperature change on land","021","Northern America","6078","Standard Deviation","7008","August","1989","1989","°C","0.409","E","Estimated value"
"ET","Temperature change on land","021","Northern America","6078","Standard Deviation","7008","August","1990","1990","°C","0.409","E","Estimated value"
"ET","Temperature change on land","021","Northern America","6078","Standard Deviation","7008","August","1991","1991","°C","0.409","E","Estimated value"
"ET","Temperature change on land","021","Northern America","6078","Standard Deviation","7008","August","1992","1992","°C","0.409","E","Estimated value"
"ET","Temperature change on land","021","Northern America","6078","Standard Deviation","7008","August","1993","1993","°C","0.409","E","Estimated value"
"ET","Temperature change on land","021","Northern America","6078","Standard Deviation","7008","August","1994","1994","°C","0.409","E","Estimated value"
"ET","Temperature change on land","021","Northern America","6078","Standard Deviation","7008","August","1995","1995","°C","0.409","E","Estimated value"
"ET","Temperature change on land","021","Northern America","6078","Standard Deviation","7008","August","1996","1996","°C","0.409","E","Estimated value"
"ET","Temperature change on land","021","Northern America","6078","Standard Deviation","7008","August","1997","1997","°C","0.409","E","Estimated value"
"ET","Temperature change on land","021","Northern America","6078","Standard Deviation","7008","August","1998","1998","°C","0.409","E","Estimated value"
"ET","Temperature change on land","021","Northern America","6078","Standard Deviation","7008","August","1999","1999","°C","0.409","E","Estimated value"
"ET","Temperature change on land","021","Northern America","6078","Standard Deviation","7008","August","2000","2000","°C","0.409","E","Estimated value"
"ET","Temperature change on land","021","Northern America","6078","Standard Deviation","7008","August","2001","2001","°C","0.409","E","Estimated value"
"ET","Temperature change on land","021","Northern America","6078","Standard Deviation","7008","August","2002","2002","°C","0.409","E","Estimated value"
"ET","Temperature change on land","021","Northern America","6078","Standard Deviation","7008","August","2003","2003","°C","0.409","E","Estimated value"
"ET","Temperature change on land","021","Northern America","6078","Standard Deviation","7008","August","2004","2004","°C","0.409","E","Estimated value"
"ET","Temperature change on land","021","Northern America","6078","Standard Deviation","7008","August","2005","2005","°C","0.409","E","Estimated value"
"ET","Temperature change on land","021","Northern America","6078","Standard Deviation","7008","August","2006","2006","°C","0.409","E","Estimated value"
"ET","Temperature change on land","021","Northern America","6078","Standard Deviation","7008","August","2007","2007","°C","0.409","E","Estimated value"
"ET","Temperature change on land","021","Northern America","6078","Standard Deviation","7008","August","2008","2008","°C","0.409","E","Estimated value"
"ET","Temperature change on land","021","Northern America","6078","Standard Deviation","7008","August","2009","2009","°C","0.409","E","Estimated value"
"ET","Temperature change on land","021","Northern America","6078","Standard Deviation","7008","August","2010","2010","°C","0.409","E","Estimated value"
"ET","Temperature change on land","021","Northern America","6078","Standard Deviation","7008","August","2011","2011","°C","0.409","E","Estimated value"
"ET","Temperature change on land","021","Northern America","6078","Standard Deviation","7008","August","2012","2012","°C","0.409","E","Estimated value"
"ET","Temperature change on land","021","Northern America","6078","Standard Deviation","7008","August","2013","2013","°C","0.409","E","Estimated value"
"ET","Temperature change on land","021","Northern America","6078","Standard Deviation","7008","August","2014","2014","°C","0.409","E","Estimated value"
"ET","Temperature change on land","021","Northern America","6078","Standard Deviation","7008","August","2015","2015","°C","0.409","E","Estimated value"
"ET","Temperature change on land","021","Northern America","6078","Standard Deviation","7008","August","2016","2016","°C","0.409","E","Estimated value"
"ET","Temperature change on land","021","Northern America","6078","Standard Deviation","7008","August","2017","2017","°C","0.409","E","Estimated value"
"ET","Temperature change on land","021","Northern America","6078","Standard Deviation","7008","August","2018","2018","°C","0.409","E","Estimated value"
"ET","Temperature change on land","021","Northern America","6078","Standard Deviation","7008","August","2019","2019","°C","0.409","E","Estimated value"
"ET","Temperature change on land","021","Northern America","6078","Standard Deviation","7008","August","2020","2020","°C","0.409","E","Estimated value"
"ET","Temperature change on land","021","Northern America","6078","Standard Deviation","7008","August","2021","2021","°C","0.409","E","Estimated value"
"ET","Temperature change on land","021","Northern America","6078","Standard Deviation","7008","August","2022","2022","°C","0.409","E","Estimated value"
"ET","Temperature change on land","021","Northern America","6078","Standard Deviation","7008","August","2023","2023","°C","0.409","E","Estimated value"
"ET","Temperature change on land","021","Northern America","6078","Standard Deviation","7008","August","2024","2024","°C","0.409","E","Estimated value"
"ET","Temperature change on land","021","Northern America","6078","Standard Deviation","7008","August","2025","2025","°C","0.409","E","Estimated value"
"ET","Temperature change on land","021","Northern America","7271","Temperature change","7009","September","1961","1961","°C","-0.595","E","Estimated value"
"ET","Temperature change on land","021","Northern America","7271","Temperature change","7009","September","1962","1962","°C","-0.093","E","Estimated value"
"ET","Temperature change on land","021","Northern America","7271","Temperature change","7009","September","1963","1963","°C","0.228","E","Estimated value"
"ET","Temperature change on land","021","Northern America","7271","Temperature change","7009","September","1964","1964","°C","-0.497","E","Estimated value"
"ET","Temperature change on land","021","Northern America","7271","Temperature change","7009","September","1965","1965","°C","-1.547","E","Estimated value"
"ET","Temperature change on land","021","Northern America","7271","Temperature change","7009","September","1966","1966","°C","0.749","E","Estimated value"
"ET","Temperature change on land","021","Northern America","7271","Temperature change","7009","September","1967","1967","°C","0.523","E","Estimated value"
"ET","Temperature change on land","021","Northern America","7271","Temperature change","7009","September","1968","1968","°C","0.651","E","Estimated value"
"ET","Temperature change on land","021","Northern America","7271","Temperature change","7009","September","1969","1969","°C","-0.047","E","Estimated value"
"ET","Temperature change on land","021","Northern America","7271","Temperature change","7009","September","1970","1970","°C","-0.335","E","Estimated value"
"ET","Temperature change on land","021","Northern America","7271","Temperature change","7009","September","1971","1971","°C","0.273","E","Estimated value"
"ET","Temperature change on land","021","Northern America","7271","Temperature change","7009","September","1972","1972","°C","-1.411","E","Estimated value"
"ET","Temperature change on land","021","Northern America","7271","Temperature change","7009","September","1973","1973","°C","0.432","E","Estimated value"
"ET","Temperature change on land","021","Northern America","7271","Temperature change","7009","September","1974","1974","°C","-1.071","E","Estimated value"
"ET","Temperature change on land","021","Northern America","7271","Temperature change","7009","September","1975","1975","°C","-0.303","E","Estimated value"
"ET","Temperature change on land","021","Northern America","7271","Temperature change","7009","September","1976","1976","°C","0.469","E","Estimated value"
"ET","Temperature change on land","021","Northern America","7271","Temperature change","7009","September","1977","1977","°C","0.506","E","Estimated value"
"ET","Temperature change on land","021","Northern America","7271","Temperature change","7009","September","1978","1978","°C","0.07","E","Estimated value"
"ET","Temperature change on land","021","Northern America","7271","Temperature change","7009","September","1979","1979","°C","0.432","E","Estimated value"
"ET","Temperature change on land","021","Northern America","7271","Temperature change","7009","September","1980","1980","°C","-0.51","E","Estimated value"
"ET","Temperature change on land","021","Northern America","7271","Temperature change","7009","September","1981","1981","°C","0.449","E","Estimated value"
"ET","Temperature change on land","021","Northern America","7271","Temperature change","7009","September","1982","1982","°C","0.065","E","Estimated value"
"ET","Temperature change on land","021","Northern America","7271","Temperature change","7009","September","1983","1983","°C","0.423","E","Estimated value"
"ET","Temperature change on land","021","Northern America","7271","Temperature change","7009","September","1984","1984","°C","-0.888","E","Estimated value"
"ET","Temperature change on land","021","Northern America","7271","Temperature change","7009","September","1985","1985","°C","-0.118","E","Estimated value"
"ET","Temperature change on land","021","Northern America","7271","Temperature change","7009","September","1986","1986","°C","-0.511","E","Estimated value"
"ET","Temperature change on land","021","Northern America","7271","Temperature change","7009","September","1987","1987","°C","1.078","E","Estimated value"
"ET","Temperature change on land","021","Northern America","7271","Temperature change","7009","September","1988","1988","°C","0.369","E","Estimated value"
"ET","Temperature change on land","021","Northern America","7271","Temperature change","7009","September","1989","1989","°C","0.435","E","Estimated value"
"ET","Temperature change on land","021","Northern America","7271","Temperature change","7009","September","1990","1990","°C","0.778","E","Estimated value"
"ET","Temperature change on land","021","Northern America","7271","Temperature change","7009","September","1991","1991","°C","0.265","E","Estimated value"
"ET","Temperature change on land","021","Northern America","7271","Temperature change","7009","September","1992","1992","°C","-0.972","E","Estimated value"
"ET","Temperature change on land","021","Northern America","7271","Temperature change","7009","September","1993","1993","°C","-0.44","E","Estimated value"
"ET","Temperature change on land","021","Northern America","7271","Temperature change","7009","September","1994","1994","°C","0.773","E","Estimated value"
"ET","Temperature change on land","021","Northern America","7271","Temperature change","7009","September","1995","1995","°C","0.646","E","Estimated value"
"ET","Temperature change on land","021","Northern America","7271","Temperature change","7009","September","1996","1996","°C","0.218","E","Estimated value"
"ET","Temperature change on land","021","Northern America","7271","Temperature change","7009","September","1997","1997","°C","1.194","E","Estimated value"
"ET","Temperature change on land","021","Northern America","7271","Temperature change","7009","September","1998","1998","°C","2.083","E","Estimated value"
"ET","Temperature change on land","021","Northern America","7271","Temperature change","7009","September","1999","1999","°C","0.846","E","Estimated value"
"ET","Temperature change on land","021","Northern America","7271","Temperature change","7009","September","2000","2000","°C","0.119","E","Estimated value"
"ET","Temperature change on land","021","Northern America","7271","Temperature change","7009","September","2001","2001","°C","1.432","E","Estimated value"
"ET","Temperature change on land","021","Northern America","7271","Temperature change","7009","September","2002","2002","°C","1.306","E","Estimated value"
"ET","Temperature change on land","021","Northern America","7271","Temperature change","7009","September","2003","2003","°C","1.038","E","Estimated value"
"ET","Temperature change on land","021","Northern America","7271","Temperature change","7009","September","2004","2004","°C","0.333","E","Estimated value"
"ET","Temperature change on land","021","Northern America","7271","Temperature change","7009","September","2005","2005","°C","1.188","E","Estimated value"
"ET","Temperature change on land","021","Northern America","7271","Temperature change","7009","September","2006","2006","°C","1.049","E","Estimated value"
"ET","Temperature change on land","021","Northern America","7271","Temperature change","7009","September","2007","2007","°C","0.581","E","Estimated value"
"ET","Temperature change on land","021","Northern America","7271","Temperature change","7009","September","2008","2008","°C","0.513","E","Estimated value"
"ET","Temperature change on land","021","Northern America","7271","Temperature change","7009","September","2009","2009","°C","1.811","E","Estimated value"
"ET","Temperature change on land","021","Northern America","7271","Temperature change","7009","September","2010","2010","°C","1.047","E","Estimated value"
"ET","Temperature change on land","021","Northern America","7271","Temperature change","7009","September","2011","2011","°C","1.711","E","Estimated value"
"ET","Temperature change on land","021","Northern America","7271","Temperature change","7009","September","2012","2012","°C","1.794","E","Estimated value"
"ET","Temperature change on land","021","Northern America","7271","Temperature change","7009","September","2013","2013","°C","1.454","E","Estimated value"
"ET","Temperature change on land","021","Northern America","7271","Temperature change","7009","September","2014","2014","°C","0.701","E","Estimated value"
"ET","Temperature change on land","021","Northern America","7271","Temperature change","7009","September","2015","2015","°C","1.664","E","Estimated value"
"ET","Temperature change on land","021","Northern America","7271","Temperature change","7009","September","2016","2016","°C","1.547","E","Estimated value"
"ET","Temperature change on land","021","Northern America","7271","Temperature change","7009","September","2017","2017","°C","1.612","E","Estimated value"
"ET","Temperature change on land","021","Northern America","7271","Temperature change","7009","September","2018","2018","°C","0.113","E","Estimated value"
"ET","Temperature change on land","021","Northern America","7271","Temperature change","7009","September","2019","2019","°C","1.784","E","Estimated value"
"ET","Temperature change on land","021","Northern America","7271","Temperature change","7009","September","2020","2020","°C","0.944","E","Estimated value"
"ET","Temperature change on land","021","Northern America","7271","Temperature change","7009","September","2021","2021","°C","1.8","E","Estimated value"
"ET","Temperature change on land","021","Northern America","7271","Temperature change","7009","September","2022","2022","°C","2.318","E","Estimated value"
"ET","Temperature change on land","021","Northern America","7271","Temperature change","7009","September","2023","2023","°C","2.512","E","Estimated value"
"ET","Temperature change on land","021","Northern America","7271","Temperature change","7009","September","2024","2024","°C","3.085","E","Estimated value"
"ET","Temperature change on land","021","Northern America","7271","Temperature change","7009","September","2025","2025","°C","2.892","E","Estimated value"
"ET","Temperature change on land","021","Northern America","6078","Standard Deviation","7009","September","1961","1961","°C","0.613","E","Estimated value"
"ET","Temperature change on land","021","Northern America","6078","Standard Deviation","7009","September","1962","1962","°C","0.613","E","Estimated value"
"ET","Temperature change on land","021","Northern America","6078","Standard Deviation","7009","September","1963","1963","°C","0.613","E","Estimated value"
"ET","Temperature change on land","021","Northern America","6078","Standard Deviation","7009","September","1964","1964","°C","0.613","E","Estimated value"
"ET","Temperature change on land","021","Northern America","6078","Standard Deviation","7009","September","1965","1965","°C","0.613","E","Estimated value"
"ET","Temperature change on land","021","Northern America","6078","Standard Deviation","7009","September","1966","1966","°C","0.613","E","Estimated value"
"ET","Temperature change on land","021","Northern America","6078","Standard Deviation","7009","September","1967","1967","°C","0.613","E","Estimated value"
"ET","Temperature change on land","021","Northern America","6078","Standard Deviation","7009","September","1968","1968","°C","0.613","E","Estimated value"
"ET","Temperature change on land","021","Northern America","6078","Standard Deviation","7009","September","1969","1969","°C","0.613","E","Estimated value"
"ET","Temperature change on land","021","Northern America","6078","Standard Deviation","7009","September","1970","1970","°C","0.613","E","Estimated value"
"ET","Temperature change on land","021","Northern America","6078","Standard Deviation","7009","September","1971","1971","°C","0.613","E","Estimated value"
"ET","Temperature change on land","021","Northern America","6078","Standard Deviation","7009","September","1972","1972","°C","0.613","E","Estimated value"
"ET","Temperature change on land","021","Northern America","6078","Standard Deviation","7009","September","1973","1973","°C","0.613","E","Estimated value"
"ET","Temperature change on land","021","Northern America","6078","Standard Deviation","7009","September","1974","1974","°C","0.613","E","Estimated value"
"ET","Temperature change on land","021","Northern America","6078","Standard Deviation","7009","September","1975","1975","°C","0.613","E","Estimated value"
"ET","Temperature change on land","021","Northern America","6078","Standard Deviation","7009","September","1976","1976","°C","0.613","E","Estimated value"
"ET","Temperature change on land","021","Northern America","6078","Standard Deviation","7009","September","1977","1977","°C","0.613","E","Estimated value"
"ET","Temperature change on land","021","Northern America","6078","Standard Deviation","7009","September","1978","1978","°C","0.613","E","Estimated value"
"ET","Temperature change on land","021","Northern America","6078","Standard Deviation","7009","September","1979","1979","°C","0.613","E","Estimated value"
"ET","Temperature change on land","021","Northern America","6078","Standard Deviation","7009","September","1980","1980","°C","0.613","E","Estimated value"
"ET","Temperature change on land","021","Northern America","6078","Standard Deviation","7009","September","1981","1981","°C","0.613","E","Estimated value"
"ET","Temperature change on land","021","Northern America","6078","Standard Deviation","7009","September","1982","1982","°C","0.613","E","Estimated value"
"ET","Temperature change on land","021","Northern America","6078","Standard Deviation","7009","September","1983","1983","°C","0.613","E","Estimated value"
"ET","Temperature change on land","021","Northern America","6078","Standard Deviation","7009","September","1984","1984","°C","0.613","E","Estimated value"
"ET","Temperature change on land","021","Northern America","6078","Standard Deviation","7009","September","1985","1985","°C","0.613","E","Estimated value"
"ET","Temperature change on land","021","Northern America","6078","Standard Deviation","7009","September","1986","1986","°C","0.613","E","Estimated value"
"ET","Temperature change on land","021","Northern America","6078","Standard Deviation","7009","September","1987","1987","°C","0.613","E","Estimated value"
"ET","Temperature change on land","021","Northern America","6078","Standard Deviation","7009","September","1988","1988","°C","0.613","E","Estimated value"
"ET","Temperature change on land","021","Northern America","6078","Standard Deviation","7009","September","1989","1989","°C","0.613","E","Estimated value"
"ET","Temperature change on land","021","Northern America","6078","Standard Deviation","7009","September","1990","1990","°C","0.613","E","Estimated value"
"ET","Temperature change on land","021","Northern America","6078","Standard Deviation","7009","September","1991","1991","°C","0.613","E","Estimated value"
"ET","Temperature change on land","021","Northern America","6078","Standard Deviation","7009","September","1992","1992","°C","0.613","E","Estimated value"
"ET","Temperature change on land","021","Northern America","6078","Standard Deviation","7009","September","1993","1993","°C","0.613","E","Estimated value"
"ET","Temperature change on land","021","Northern America","6078","Standard Deviation","7009","September","1994","1994","°C","0.613","E","Estimated value"
"ET","Temperature change on land","021","Northern America","6078","Standard Deviation","7009","September","1995","1995","°C","0.613","E","Estimated value"
"ET","Temperature change on land","021","Northern America","6078","Standard Deviation","7009","September","1996","1996","°C","0.613","E","Estimated value"
"ET","Temperature change on land","021","Northern America","6078","Standard Deviation","7009","September","1997","1997","°C","0.613","E","Estimated value"
"ET","Temperature change on land","021","Northern America","6078","Standard Deviation","7009","September","1998","1998","°C","0.613","E","Estimated value"
"ET","Temperature change on land","021","Northern America","6078","Standard Deviation","7009","September","1999","1999","°C","0.613","E","Estimated value"
"ET","Temperature change on land","021","Northern America","6078","Standard Deviation","7009","September","2000","2000","°C","0.613","E","Estimated value"
"ET","Temperature change on land","021","Northern America","6078","Standard Deviation","7009","September","2001","2001","°C","0.613","E","Estimated value"
"ET","Temperature change on land","021","Northern America","6078","Standard Deviation","7009","September","2002","2002","°C","0.613","E","Estimated value"
"ET","Temperature change on land","021","Northern America","6078","Standard Deviation","7009","September","2003","2003","°C","0.613","E","Estimated value"
"ET","Temperature change on land","021","Northern America","6078","Standard Deviation","7009","September","2004","2004","°C","0.613","E","Estimated value"
"ET","Temperature change on land","021","Northern America","6078","Standard Deviation","7009","September","2005","2005","°C","0.613","E","Estimated value"
"ET","Temperature change on land","021","Northern America","6078","Standard Deviation","7009","September","2006","2006","°C","0.613","E","Estimated value"
"ET","Temperature change on land","021","Northern America","6078","Standard Deviation","7009","September","2007","2007","°C","0.613","E","Estimated value"
"ET","Temperature change on land","021","Northern America","6078","Standard Deviation","7009","September","2008","2008","°C","0.613","E","Estimated value"
"ET","Temperature change on land","021","Northern America","6078","Standard Deviation","7009","September","2009","2009","°C","0.613","E","Estimated value"
"ET","Temperature change on land","021","Northern America","6078","Standard Deviation","7009","September","2010","2010","°C","0.613","E","Estimated value"
"ET","Temperature change on land","021","Northern America","6078","Standard Deviation","7009","September","2011","2011","°C","0.613","E","Estimated value"
"ET","Temperature change on land","021","Northern America","6078","Standard Deviation","7009","September","2012","2012","°C","0.613","E","Estimated value"
"ET","Temperature change on land","021","Northern America","6078","Standard Deviation","7009","September","2013","2013","°C","0.613","E","Estimated value"
"ET","Temperature change on land","021","Northern America","6078","Standard Deviation","7009","September","2014","2014","°C","0.613","E","Estimated value"
"ET","Temperature change on land","021","Northern America","6078","Standard Deviation","7009","September","2015","2015","°C","0.613","E","Estimated value"
"ET","Temperature change on land","021","Northern America","6078","Standard Deviation","7009","September","2016","2016","°C","0.613","E","Estimated value"
"ET","Temperature change on land","021","Northern America","6078","Standard Deviation","7009","September","2017","2017","°C","0.613","E","Estimated value"
"ET","Temperature change on land","021","Northern America","6078","Standard Deviation","7009","September","2018","2018","°C","0.613","E","Estimated value"
"ET","Temperature change on land","021","Northern America","6078","Standard Deviation","7009","September","2019","2019","°C","0.613","E","Estimated value"
"ET","Temperature change on land","021","Northern America","6078","Standard Deviation","7009","September","2020","2020","°C","0.613","E","Estimated value"
"ET","Temperature change on land","021","Northern America","6078","Standard Deviation","7009","September","2021","2021","°C","0.613","E","Estimated value"
"ET","Temperature change on land","021","Northern America","6078","Standard Deviation","7009","September","2022","2022","°C","0.613","E","Estimated value"
"ET","Temperature change on land","021","Northern America","6078","Standard Deviation","7009","September","2023","2023","°C","0.613","E","Estimated value"
"ET","Temperature change on land","021","Northern America","6078","Standard Deviation","7009","September","2024","2024","°C","0.613","E","Estimated value"
"ET","Temperature change on land","021","Northern America","6078","Standard Deviation","7009","September","2025","2025","°C","0.613","E","Estimated value"
"ET","Temperature change on land","021","Northern America","7271","Temperature change","7010","October","1961","1961","°C","-0.816","E","Estimated value"
"ET","Temperature change on land","021","Northern America","7271","Temperature change","7010","October","1962","1962","°C","1.204","E","Estimated value"
"ET","Temperature change on land","021","Northern America","7271","Temperature change","7010","October","1963","1963","°C","2.092","E","Estimated value"
"ET","Temperature change on land","021","Northern America","7271","Temperature change","7010","October","1964","1964","°C","-0.058","E","Estimated value"
"ET","Temperature change on land","021","Northern America","7271","Temperature change","7010","October","1965","1965","°C","-0.436","E","Estimated value"
"ET","Temperature change on land","021","Northern America","7271","Temperature change","7010","October","1966","1966","°C","-0.665","E","Estimated value"
"ET","Temperature change on land","021","Northern America","7271","Temperature change","7010","October","1967","1967","°C","0.102","E","Estimated value"
"ET","Temperature change on land","021","Northern America","7271","Temperature change","7010","October","1968","1968","°C","1.068","E","Estimated value"
"ET","Temperature change on land","021","Northern America","7271","Temperature change","7010","October","1969","1969","°C","-0.389","E","Estimated value"
"ET","Temperature change on land","021","Northern America","7271","Temperature change","7010","October","1970","1970","°C","-0.159","E","Estimated value"
"ET","Temperature change on land","021","Northern America","7271","Temperature change","7010","October","1971","1971","°C","0.82","E","Estimated value"
"ET","Temperature change on land","021","Northern America","7271","Temperature change","7010","October","1972","1972","°C","-1.746","E","Estimated value"
"ET","Temperature change on land","021","Northern America","7271","Temperature change","7010","October","1973","1973","°C","1.2","E","Estimated value"
"ET","Temperature change on land","021","Northern America","7271","Temperature change","7010","October","1974","1974","°C","-1.221","E","Estimated value"
"ET","Temperature change on land","021","Northern America","7271","Temperature change","7010","October","1975","1975","°C","0.129","E","Estimated value"
"ET","Temperature change on land","021","Northern America","7271","Temperature change","7010","October","1976","1976","°C","-1.345","E","Estimated value"
"ET","Temperature change on land","021","Northern America","7271","Temperature change","7010","October","1977","1977","°C","0.707","E","Estimated value"
"ET","Temperature change on land","021","Northern America","7271","Temperature change","7010","October","1978","1978","°C","-1.043","E","Estimated value"
"ET","Temperature change on land","021","Northern America","7271","Temperature change","7010","October","1979","1979","°C","0.448","E","Estimated value"
"ET","Temperature change on land","021","Northern America","7271","Temperature change","7010","October","1980","1980","°C","0.195","E","Estimated value"
"ET","Temperature change on land","021","Northern America","7271","Temperature change","7010","October","1981","1981","°C","-0.039","E","Estimated value"
"ET","Temperature change on land","021","Northern America","7271","Temperature change","7010","October","1982","1982","°C","-0.129","E","Estimated value"
"ET","Temperature change on land","021","Northern America","7271","Temperature change","7010","October","1983","1983","°C","0.183","E","Estimated value"
"ET","Temperature change on land","021","Northern America","7271","Temperature change","7010","October","1984","1984","°C","-0.156","E","Estimated value"
"ET","Temperature change on land","021","Northern America","7271","Temperature change","7010","October","1985","1985","°C","-0.345","E","Estimated value"
"ET","Temperature change on land","021","Northern America","7271","Temperature change","7010","October","1986","1986","°C","-0.652","E","Estimated value"
"ET","Temperature change on land","021","Northern America","7271","Temperature change","7010","October","1987","1987","°C","0.231","E","Estimated value"
"ET","Temperature change on land","021","Northern America","7271","Temperature change","7010","October","1988","1988","°C","0.12","E","Estimated value"
"ET","Temperature change on land","021","Northern America","7271","Temperature change","7010","October","1989","1989","°C","0.008","E","Estimated value"
"ET","Temperature change on land","021","Northern America","7271","Temperature change","7010","October","1990","1990","°C","-0.746","E","Estimated value"
"ET","Temperature change on land","021","Northern America","7271","Temperature change","7010","October","1991","1991","°C","-0.576","E","Estimated value"
"ET","Temperature change on land","021","Northern America","7271","Temperature change","7010","October","1992","1992","°C","-0.303","E","Estimated value"
"ET","Temperature change on land","021","Northern America","7271","Temperature change","7010","October","1993","1993","°C","-0.074","E","Estimated value"
"ET","Temperature change on land","021","Northern America","7271","Temperature change","7010","October","1994","1994","°C","1.04","E","Estimated value"
"ET","Temperature change on land","021","Northern America","7271","Temperature change","7010","October","1995","1995","°C","0.537","E","Estimated value"
"ET","Temperature change on land","021","Northern America","7271","Temperature change","7010","October","1996","1996","°C","-1.024","E","Estimated value"
"ET","Temperature change on land","021","Northern America","7271","Temperature change","7010","October","1997","1997","°C","-0.624","E","Estimated value"
"ET","Temperature change on land","021","Northern America","7271","Temperature change","7010","October","1998","1998","°C","1.313","E","Estimated value"
"ET","Temperature change on land","021","Northern America","7271","Temperature change","7010","October","1999","1999","°C","-0.186","E","Estimated value"
"ET","Temperature change on land","021","Northern America","7271","Temperature change","7010","October","2000","2000","°C","0.38","E","Estimated value"
"ET","Temperature change on land","021","Northern America","7271","Temperature change","7010","October","2001","2001","°C","0.209","E","Estimated value"
"ET","Temperature change on land","021","Northern America","7271","Temperature change","7010","October","2002","2002","°C","-0.336","E","Estimated value"
"ET","Temperature change on land","021","Northern America","7271","Temperature change","7010","October","2003","2003","°C","1.91","E","Estimated value"
"ET","Temperature change on land","021","Northern America","7271","Temperature change","7010","October","2004","2004","°C","0.589","E","Estimated value"
"ET","Temperature change on land","021","Northern America","7271","Temperature change","7010","October","2005","2005","°C","1.409","E","Estimated value"
"ET","Temperature change on land","021","Northern America","7271","Temperature change","7010","October","2006","2006","°C","0.946","E","Estimated value"
"ET","Temperature change on land","021","Northern America","7271","Temperature change","7010","October","2007","2007","°C","1.416","E","Estimated value"
"ET","Temperature change on land","021","Northern America","7271","Temperature change","7010","October","2008","2008","°C","0.657","E","Estimated value"
"ET","Temperature change on land","021","Northern America","7271","Temperature change","7010","October","2009","2009","°C","-0.826","E","Estimated value"
"ET","Temperature change on land","021","Northern America","7271","Temperature change","7010","October","2010","2010","°C","1.932","E","Estimated value"
"ET","Temperature change on land","021","Northern America","7271","Temperature change","7010","October","2011","2011","°C","1.536","E","Estimated value"
"ET","Temperature change on land","021","Northern America","7271","Temperature change","7010","October","2012","2012","°C","0.381","E","Estimated value"
"ET","Temperature change on land","021","Northern America","7271","Temperature change","7010","October","2013","2013","°C","1.421","E","Estimated value"
"ET","Temperature change on land","021","Northern America","7271","Temperature change","7010","October","2014","2014","°C","1.601","E","Estimated value"
"ET","Temperature change on land","021","Northern America","7271","Temperature change","7010","October","2015","2015","°C","1.31","E","Estimated value"
"ET","Temperature change on land","021","Northern America","7271","Temperature change","7010","October","2016","2016","°C","1.118","E","Estimated value"
"ET","Temperature change on land","021","Northern America","7271","Temperature change","7010","October","2017","2017","°C","1.376","E","Estimated value"
"ET","Temperature change on land","021","Northern America","7271","Temperature change","7010","October","2018","2018","°C","-0.293","E","Estimated value"
"ET","Temperature change on land","021","Northern America","7271","Temperature change","7010","October","2019","2019","°C","0.902","E","Estimated value"
"ET","Temperature change on land","021","Northern America","7271","Temperature change","7010","October","2020","2020","°C","0.24","E","Estimated value"
"ET","Temperature change on land","021","Northern America","7271","Temperature change","7010","October","2021","2021","°C","3.084","E","Estimated value"
"ET","Temperature change on land","021","Northern America","7271","Temperature change","7010","October","2022","2022","°C","2.076","E","Estimated value"
"ET","Temperature change on land","021","Northern America","7271","Temperature change","7010","October","2023","2023","°C","2.296","E","Estimated value"
"ET","Temperature change on land","021","Northern America","7271","Temperature change","7010","October","2024","2024","°C","2.786","E","Estimated value"
"ET","Temperature change on land","021","Northern America","7271","Temperature change","7010","October","2025","2025","°C","3.274","E","Estimated value"
"ET","Temperature change on land","021","Northern America","6078","Standard Deviation","7010","October","1961","1961","°C","0.916","E","Estimated value"
"ET","Temperature change on land","021","Northern America","6078","Standard Deviation","7010","October","1962","1962","°C","0.916","E","Estimated value"
"ET","Temperature change on land","021","Northern America","6078","Standard Deviation","7010","October","1963","1963","°C","0.916","E","Estimated value"
"ET","Temperature change on land","021","Northern America","6078","Standard Deviation","7010","October","1964","1964","°C","0.916","E","Estimated value"
"ET","Temperature change on land","021","Northern America","6078","Standard Deviation","7010","October","1965","1965","°C","0.916","E","Estimated value"
"ET","Temperature change on land","021","Northern America","6078","Standard Deviation","7010","October","1966","1966","°C","0.916","E","Estimated value"
"ET","Temperature change on land","021","Northern America","6078","Standard Deviation","7010","October","1967","1967","°C","0.916","E","Estimated value"
"ET","Temperature change on land","021","Northern America","6078","Standard Deviation","7010","October","1968","1968","°C","0.916","E","Estimated value"
"ET","Temperature change on land","021","Northern America","6078","Standard Deviation","7010","October","1969","1969","°C","0.916","E","Estimated value"
"ET","Temperature change on land","021","Northern America","6078","Standard Deviation","7010","October","1970","1970","°C","0.916","E","Estimated value"
"ET","Temperature change on land","021","Northern America","6078","Standard Deviation","7010","October","1971","1971","°C","0.916","E","Estimated value"
"ET","Temperature change on land","021","Northern America","6078","Standard Deviation","7010","October","1972","1972","°C","0.916","E","Estimated value"
"ET","Temperature change on land","021","Northern America","6078","Standard Deviation","7010","October","1973","1973","°C","0.916","E","Estimated value"
"ET","Temperature change on land","021","Northern America","6078","Standard Deviation","7010","October","1974","1974","°C","0.916","E","Estimated value"
"ET","Temperature change on land","021","Northern America","6078","Standard Deviation","7010","October","1975","1975","°C","0.916","E","Estimated value"
"ET","Temperature change on land","021","Northern America","6078","Standard Deviation","7010","October","1976","1976","°C","0.916","E","Estimated value"
"ET","Temperature change on land","021","Northern America","6078","Standard Deviation","7010","October","1977","1977","°C","0.916","E","Estimated value"
"ET","Temperature change on land","021","Northern America","6078","Standard Deviation","7010","October","1978","1978","°C","0.916","E","Estimated value"
"ET","Temperature change on land","021","Northern America","6078","Standard Deviation","7010","October","1979","1979","°C","0.916","E","Estimated value"
"ET","Temperature change on land","021","Northern America","6078","Standard Deviation","7010","October","1980","1980","°C","0.916","E","Estimated value"
"ET","Temperature change on land","021","Northern America","6078","Standard Deviation","7010","October","1981","1981","°C","0.916","E","Estimated value"
"ET","Temperature change on land","021","Northern America","6078","Standard Deviation","7010","October","1982","1982","°C","0.916","E","Estimated value"
"ET","Temperature change on land","021","Northern America","6078","Standard Deviation","7010","October","1983","1983","°C","0.916","E","Estimated value"
"ET","Temperature change on land","021","Northern America","6078","Standard Deviation","7010","October","1984","1984","°C","0.916","E","Estimated value"
"ET","Temperature change on land","021","Northern America","6078","Standard Deviation","7010","October","1985","1985","°C","0.916","E","Estimated value"
"ET","Temperature change on land","021","Northern America","6078","Standard Deviation","7010","October","1986","1986","°C","0.916","E","Estimated value"
"ET","Temperature change on land","021","Northern America","6078","Standard Deviation","7010","October","1987","1987","°C","0.916","E","Estimated value"
"ET","Temperature change on land","021","Northern America","6078","Standard Deviation","7010","October","1988","1988","°C","0.916","E","Estimated value"
"ET","Temperature change on land","021","Northern America","6078","Standard Deviation","7010","October","1989","1989","°C","0.916","E","Estimated value"
"ET","Temperature change on land","021","Northern America","6078","Standard Deviation","7010","October","1990","1990","°C","0.916","E","Estimated value"
"ET","Temperature change on land","021","Northern America","6078","Standard Deviation","7010","October","1991","1991","°C","0.916","E","Estimated value"
"ET","Temperature change on land","021","Northern America","6078","Standard Deviation","7010","October","1992","1992","°C","0.916","E","Estimated value"
"ET","Temperature change on land","021","Northern America","6078","Standard Deviation","7010","October","1993","1993","°C","0.916","E","Estimated value"
"ET","Temperature change on land","021","Northern America","6078","Standard Deviation","7010","October","1994","1994","°C","0.916","E","Estimated value"
"ET","Temperature change on land","021","Northern America","6078","Standard Deviation","7010","October","1995","1995","°C","0.916","E","Estimated value"
"ET","Temperature change on land","021","Northern America","6078","Standard Deviation","7010","October","1996","1996","°C","0.916","E","Estimated value"
"ET","Temperature change on land","021","Northern America","6078","Standard Deviation","7010","October","1997","1997","°C","0.916","E","Estimated value"
"ET","Temperature change on land","021","Northern America","6078","Standard Deviation","7010","October","1998","1998","°C","0.916","E","Estimated value"
"ET","Temperature change on land","021","Northern America","6078","Standard Deviation","7010","October","1999","1999","°C","0.916","E","Estimated value"
"ET","Temperature change on land","021","Northern America","6078","Standard Deviation","7010","October","2000","2000","°C","0.916","E","Estimated value"
"ET","Temperature change on land","021","Northern America","6078","Standard Deviation","7010","October","2001","2001","°C","0.916","E","Estimated value"
"ET","Temperature change on land","021","Northern America","6078","Standard Deviation","7010","October","2002","2002","°C","0.916","E","Estimated value"
"ET","Temperature change on land","021","Northern America","6078","Standard Deviation","7010","October","2003","2003","°C","0.916","E","Estimated value"
"ET","Temperature change on land","021","Northern America","6078","Standard Deviation","7010","October","2004","2004","°C","0.916","E","Estimated value"
"ET","Temperature change on land","021","Northern America","6078","Standard Deviation","7010","October","2005","2005","°C","0.916","E","Estimated value"
"ET","Temperature change on land","021","Northern America","6078","Standard Deviation","7010","October","2006","2006","°C","0.916","E","Estimated value"
"ET","Temperature change on land","021","Northern America","6078","Standard Deviation","7010","October","2007","2007","°C","0.916","E","Estimated value"
"ET","Temperature change on land","021","Northern America","6078","Standard Deviation","7010","October","2008","2008","°C","0.916","E","Estimated value"
"ET","Temperature change on land","021","Northern America","6078","Standard Deviation","7010","October","2009","2009","°C","0.916","E","Estimated value"
"ET","Temperature change on land","021","Northern America","6078","Standard Deviation","7010","October","2010","2010","°C","0.916","E","Estimated value"
"ET","Temperature change on land","021","Northern America","6078","Standard Deviation","7010","October","2011","2011","°C","0.916","E","Estimated value"
"ET","Temperature change on land","021","Northern America","6078","Standard Deviation","7010","October","2012","2012","°C","0.916","E","Estimated value"
"ET","Temperature change on land","021","Northern America","6078","Standard Deviation","7010","October","2013","2013","°C","0.916","E","Estimated value"
"ET","Temperature change on land","021","Northern America","6078","Standard Deviation","7010","October","2014","2014","°C","0.916","E","Estimated value"
"ET","Temperature change on land","021","Northern America","6078","Standard Deviation","7010","October","2015","2015","°C","0.916","E","Estimated value"
"ET","Temperature change on land","021","Northern America","6078","Standard Deviation","7010","October","2016","2016","°C","0.916","E","Estimated value"
"ET","Temperature change on land","021","Northern America","6078","Standard Deviation","7010","October","2017","2017","°C","0.916","E","Estimated value"
"ET","Temperature change on land","021","Northern America","6078","Standard Deviation","7010","October","2018","2018","°C","0.916","E","Estimated value"
"ET","Temperature change on land","021","Northern America","6078","Standard Deviation","7010","October","2019","2019","°C","0.916","E","Estimated value"
"ET","Temperature change on land","021","Northern America","6078","Standard Deviation","7010","October","2020","2020","°C","0.916","E","Estimated value"
"ET","Temperature change on land","021","Northern America","6078","Standard Deviation","7010","October","2021","2021","°C","0.916","E","Estimated value"
"ET","Temperature change on land","021","Northern America","6078","Standard Deviation","7010","October","2022","2022","°C","0.916","E","Estimated value"
"ET","Temperature change on land","021","Northern America","6078","Standard Deviation","7010","October","2023","2023","°C","0.916","E","Estimated value"
"ET","Temperature change on land","021","Northern America","6078","Standard Deviation","7010","October","2024","2024","°C","0.916","E","Estimated value"
"ET","Temperature change on land","021","Northern America","6078","Standard Deviation","7010","October","2025","2025","°C","0.916","E","Estimated value"
"ET","Temperature change on land","021","Northern America","7271","Temperature change","7011","November","1961","1961","°C","-0.197","E","Estimated value"
"ET","Temperature change on land","021","Northern America","7271","Temperature change","7011","November","1962","1962","°C","0.818","E","Estimated value"
"ET","Temperature change on land","021","Northern America","7271","Temperature change","7011","November","1963","1963","°C","0.509","E","Estimated value"
"ET","Temperature change on land","021","Northern America","7271","Temperature change","7011","November","1964","1964","°C","0.015","E","Estimated value"
"ET","Temperature change on land","021","Northern America","7271","Temperature change","7011","November","1965","1965","°C","0.183","E","Estimated value"
"ET","Temperature change on land","021","Northern America","7271","Temperature change","7011","November","1966","1966","°C","-1.389","E","Estimated value"
"ET","Temperature change on land","021","Northern America","7271","Temperature change","7011","November","1967","1967","°C","0.034","E","Estimated value"
"ET","Temperature change on land","021","Northern America","7271","Temperature change","7011","November","1968","1968","°C","0.315","E","Estimated value"
"ET","Temperature change on land","021","Northern America","7271","Temperature change","7011","November","1969","1969","°C","0.422","E","Estimated value"
"ET","Temperature change on land","021","Northern America","7271","Temperature change","7011","November","1970","1970","°C","0.066","E","Estimated value"
"ET","Temperature change on land","021","Northern America","7271","Temperature change","7011","November","1971","1971","°C","-0.57","E","Estimated value"
"ET","Temperature change on land","021","Northern America","7271","Temperature change","7011","November","1972","1972","°C","-1.105","E","Estimated value"
"ET","Temperature change on land","021","Northern America","7271","Temperature change","7011","November","1973","1973","°C","-0.635","E","Estimated value"
"ET","Temperature change on land","021","Northern America","7271","Temperature change","7011","November","1974","1974","°C","0.689","E","Estimated value"
"ET","Temperature change on land","021","Northern America","7271","Temperature change","7011","November","1975","1975","°C","-0.36","E","Estimated value"
"ET","Temperature change on land","021","Northern America","7271","Temperature change","7011","November","1976","1976","°C","-0.03","E","Estimated value"
"ET","Temperature change on land","021","Northern America","7271","Temperature change","7011","November","1977","1977","°C","0.27","E","Estimated value"
"ET","Temperature change on land","021","Northern America","7271","Temperature change","7011","November","1978","1978","°C","-1.327","E","Estimated value"
"ET","Temperature change on land","021","Northern America","7271","Temperature change","7011","November","1979","1979","°C","1.181","E","Estimated value"
"ET","Temperature change on land","021","Northern America","7271","Temperature change","7011","November","1980","1980","°C","1.071","E","Estimated value"
"ET","Temperature change on land","021","Northern America","7271","Temperature change","7011","November","1981","1981","°C","2.429","E","Estimated value"
"ET","Temperature change on land","021","Northern America","7271","Temperature change","7011","November","1982","1982","°C","-1.49","E","Estimated value"
"ET","Temperature change on land","021","Northern America","7271","Temperature change","7011","November","1983","1983","°C","1.707","E","Estimated value"
"ET","Temperature change on land","021","Northern America","7271","Temperature change","7011","November","1984","1984","°C","-0.778","E","Estimated value"
"ET","Temperature change on land","021","Northern America","7271","Temperature change","7011","November","1985","1985","°C","-2.546","E","Estimated value"
"ET","Temperature change on land","021","Northern America","7271","Temperature change","7011","November","1986","1986","°C","-2.46","E","Estimated value"
"ET","Temperature change on land","021","Northern America","7271","Temperature change","7011","November","1987","1987","°C","1.174","E","Estimated value"
"ET","Temperature change on land","021","Northern America","7271","Temperature change","7011","November","1988","1988","°C","-0.032","E","Estimated value"
"ET","Temperature change on land","021","Northern America","7271","Temperature change","7011","November","1989","1989","°C","-1.62","E","Estimated value"
"ET","Temperature change on land","021","Northern America","7271","Temperature change","7011","November","1990","1990","°C","-0.811","E","Estimated value"
"ET","Temperature change on land","021","Northern America","7271","Temperature change","7011","November","1991","1991","°C","-0.84","E","Estimated value"
"ET","Temperature change on land","021","Northern America","7271","Temperature change","7011","November","1992","1992","°C","0.094","E","Estimated value"
"ET","Temperature change on land","021","Northern America","7271","Temperature change","7011","November","1993","1993","°C","-1.027","E","Estimated value"
"ET","Temperature change on land","021","Northern America","7271","Temperature change","7011","November","1994","1994","°C","0.61","E","Estimated value"
"ET","Temperature change on land","021","Northern America","7271","Temperature change","7011","November","1995","1995","°C","-0.831","E","Estimated value"
"ET","Temperature change on land","021","Northern America","7271","Temperature change","7011","November","1996","1996","°C","-0.871","E","Estimated value"
"ET","Temperature change on land","021","Northern America","7271","Temperature change","7011","November","1997","1997","°C","0.972","E","Estimated value"
"ET","Temperature change on land","021","Northern America","7271","Temperature change","7011","November","1998","1998","°C","2.537","E","Estimated value"
"ET","Temperature change on land","021","Northern America","7271","Temperature change","7011","November","1999","1999","°C","2.261","E","Estimated value"
"ET","Temperature change on land","021","Northern America","7271","Temperature change","7011","November","2000","2000","°C","0.652","E","Estimated value"
"ET","Temperature change on land","021","Northern America","7271","Temperature change","7011","November","2001","2001","°C","2.202","E","Estimated value"
"ET","Temperature change on land","021","Northern America","7271","Temperature change","7011","November","2002","2002","°C","1.288","E","Estimated value"
"ET","Temperature change on land","021","Northern America","7271","Temperature change","7011","November","2003","2003","°C","0.748","E","Estimated value"
"ET","Temperature change on land","021","Northern America","7271","Temperature change","7011","November","2004","2004","°C","1.28","E","Estimated value"
"ET","Temperature change on land","021","Northern America","7271","Temperature change","7011","November","2005","2005","°C","1.749","E","Estimated value"
"ET","Temperature change on land","021","Northern America","7271","Temperature change","7011","November","2006","2006","°C","-0.005","E","Estimated value"
"ET","Temperature change on land","021","Northern America","7271","Temperature change","7011","November","2007","2007","°C","0.779","E","Estimated value"
"ET","Temperature change on land","021","Northern America","7271","Temperature change","7011","November","2008","2008","°C","1.602","E","Estimated value"
"ET","Temperature change on land","021","Northern America","7271","Temperature change","7011","November","2009","2009","°C","2.59","E","Estimated value"
"ET","Temperature change on land","021","Northern America","7271","Temperature change","7011","November","2010","2010","°C","2.326","E","Estimated value"
"ET","Temperature change on land","021","Northern America","7271","Temperature change","7011","November","2011","2011","°C","1.021","E","Estimated value"
"ET","Temperature change on land","021","Northern America","7271","Temperature change","7011","November","2012","2012","°C","0.094","E","Estimated value"
"ET","Temperature change on land","021","Northern America","7271","Temperature change","7011","November","2013","2013","°C","-0.146","E","Estimated value"
"ET","Temperature change on land","021","Northern America","7271","Temperature change","7011","November","2014","2014","°C","-0.717","E","Estimated value"
"ET","Temperature change on land","021","Northern America","7271","Temperature change","7011","November","2015","2015","°C","2.087","E","Estimated value"
"ET","Temperature change on land","021","Northern America","7271","Temperature change","7011","November","2016","2016","°C","3.96","E","Estimated value"
"ET","Temperature change on land","021","Northern America","7271","Temperature change","7011","November","2017","2017","°C","0.571","E","Estimated value"
"ET","Temperature change on land","021","Northern America","7271","Temperature change","7011","November","2018","2018","°C","-0.449","E","Estimated value"
"ET","Temperature change on land","021","Northern America","7271","Temperature change","7011","November","2019","2019","°C","0.98","E","Estimated value"
"ET","Temperature change on land","021","Northern America","7271","Temperature change","7011","November","2020","2020","°C","1.406","E","Estimated value"
"ET","Temperature change on land","021","Northern America","7271","Temperature change","7011","November","2021","2021","°C","2.066","E","Estimated value"
"ET","Temperature change on land","021","Northern America","7271","Temperature change","7011","November","2022","2022","°C","0.263","E","Estimated value"
"ET","Temperature change on land","021","Northern America","7271","Temperature change","7011","November","2023","2023","°C","2.846","E","Estimated value"
"ET","Temperature change on land","021","Northern America","7271","Temperature change","7011","November","2024","2024","°C","2.897","E","Estimated value"
"ET","Temperature change on land","021","Northern America","7271","Temperature change","7011","November","2025","2025","°C","3.794","E","Estimated value"
"ET","Temperature change on land","021","Northern America","6078","Standard Deviation","7011","November","1961","1961","°C","1.012","E","Estimated value"
"ET","Temperature change on land","021","Northern America","6078","Standard Deviation","7011","November","1962","1962","°C","1.012","E","Estimated value"
"ET","Temperature change on land","021","Northern America","6078","Standard Deviation","7011","November","1963","1963","°C","1.012","E","Estimated value"
"ET","Temperature change on land","021","Northern America","6078","Standard Deviation","7011","November","1964","1964","°C","1.012","E","Estimated value"
"ET","Temperature change on land","021","Northern America","6078","Standard Deviation","7011","November","1965","1965","°C","1.012","E","Estimated value"
"ET","Temperature change on land","021","Northern America","6078","Standard Deviation","7011","November","1966","1966","°C","1.012","E","Estimated value"
"ET","Temperature change on land","021","Northern America","6078","Standard Deviation","7011","November","1967","1967","°C","1.012","E","Estimated value"
"ET","Temperature change on land","021","Northern America","6078","Standard Deviation","7011","November","1968","1968","°C","1.012","E","Estimated value"
"ET","Temperature change on land","021","Northern America","6078","Standard Deviation","7011","November","1969","1969","°C","1.012","E","Estimated value"
"ET","Temperature change on land","021","Northern America","6078","Standard Deviation","7011","November","1970","1970","°C","1.012","E","Estimated value"
"ET","Temperature change on land","021","Northern America","6078","Standard Deviation","7011","November","1971","1971","°C","1.012","E","Estimated value"
"ET","Temperature change on land","021","Northern America","6078","Standard Deviation","7011","November","1972","1972","°C","1.012","E","Estimated value"
"ET","Temperature change on land","021","Northern America","6078","Standard Deviation","7011","November","1973","1973","°C","1.012","E","Estimated value"
"ET","Temperature change on land","021","Northern America","6078","Standard Deviation","7011","November","1974","1974","°C","1.012","E","Estimated value"
"ET","Temperature change on land","021","Northern America","6078","Standard Deviation","7011","November","1975","1975","°C","1.012","E","Estimated value"
"ET","Temperature change on land","021","Northern America","6078","Standard Deviation","7011","November","1976","1976","°C","1.012","E","Estimated value"
"ET","Temperature change on land","021","Northern America","6078","Standard Deviation","7011","November","1977","1977","°C","1.012","E","Estimated value"
"ET","Temperature change on land","021","Northern America","6078","Standard Deviation","7011","November","1978","1978","°C","1.012","E","Estimated value"
"ET","Temperature change on land","021","Northern America","6078","Standard Deviation","7011","November","1979","1979","°C","1.012","E","Estimated value"
"ET","Temperature change on land","021","Northern America","6078","Standard Deviation","7011","November","1980","1980","°C","1.012","E","Estimated value"
"ET","Temperature change on land","021","Northern America","6078","Standard Deviation","7011","November","1981","1981","°C","1.012","E","Estimated value"
"ET","Temperature change on land","021","Northern America","6078","Standard Deviation","7011","November","1982","1982","°C","1.012","E","Estimated value"
"ET","Temperature change on land","021","Northern America","6078","Standard Deviation","7011","November","1983","1983","°C","1.012","E","Estimated value"
"ET","Temperature change on land","021","Northern America","6078","Standard Deviation","7011","November","1984","1984","°C","1.012","E","Estimated value"
"ET","Temperature change on land","021","Northern America","6078","Standard Deviation","7011","November","1985","1985","°C","1.012","E","Estimated value"
"ET","Temperature change on land","021","Northern America","6078","Standard Deviation","7011","November","1986","1986","°C","1.012","E","Estimated value"
"ET","Temperature change on land","021","Northern America","6078","Standard Deviation","7011","November","1987","1987","°C","1.012","E","Estimated value"
"ET","Temperature change on land","021","Northern America","6078","Standard Deviation","7011","November","1988","1988","°C","1.012","E","Estimated value"
"ET","Temperature change on land","021","Northern America","6078","Standard Deviation","7011","November","1989","1989","°C","1.012","E","Estimated value"
"ET","Temperature change on land","021","Northern America","6078","Standard Deviation","7011","November","1990","1990","°C","1.012","E","Estimated value"
"ET","Temperature change on land","021","Northern America","6078","Standard Deviation","7011","November","1991","1991","°C","1.012","E","Estimated value"
"ET","Temperature change on land","021","Northern America","6078","Standard Deviation","7011","November","1992","1992","°C","1.012","E","Estimated value"
"ET","Temperature change on land","021","Northern America","6078","Standard Deviation","7011","November","1993","1993","°C","1.012","E","Estimated value"
"ET","Temperature change on land","021","Northern America","6078","Standard Deviation","7011","November","1994","1994","°C","1.012","E","Estimated value"
"ET","Temperature change on land","021","Northern America","6078","Standard Deviation","7011","November","1995","1995","°C","1.012","E","Estimated value"
"ET","Temperature change on land","021","Northern America","6078","Standard Deviation","7011","November","1996","1996","°C","1.012","E","Estimated value"
"ET","Temperature change on land","021","Northern America","6078","Standard Deviation","7011","November","1997","1997","°C","1.012","E","Estimated value"
"ET","Temperature change on land","021","Northern America","6078","Standard Deviation","7011","November","1998","1998","°C","1.012","E","Estimated value"
"ET","Temperature change on land","021","Northern America","6078","Standard Deviation","7011","November","1999","1999","°C","1.012","E","Estimated value"
"ET","Temperature change on land","021","Northern America","6078","Standard Deviation","7011","November","2000","2000","°C","1.012","E","Estimated value"
"ET","Temperature change on land","021","Northern America","6078","Standard Deviation","7011","November","2001","2001","°C","1.012","E","Estimated value"
"ET","Temperature change on land","021","Northern America","6078","Standard Deviation","7011","November","2002","2002","°C","1.012","E","Estimated value"
"ET","Temperature change on land","021","Northern America","6078","Standard Deviation","7011","November","2003","2003","°C","1.012","E","Estimated value"
"ET","Temperature change on land","021","Northern America","6078","Standard Deviation","7011","November","2004","2004","°C","1.012","E","Estimated value"
"ET","Temperature change on land","021","Northern America","6078","Standard Deviation","7011","November","2005","2005","°C","1.012","E","Estimated value"
"ET","Temperature change on land","021","Northern America","6078","Standard Deviation","7011","November","2006","2006","°C","1.012","E","Estimated value"
"ET","Temperature change on land","021","Northern America","6078","Standard Deviation","7011","November","2007","2007","°C","1.012","E","Estimated value"
"ET","Temperature change on land","021","Northern America","6078","Standard Deviation","7011","November","2008","2008","°C","1.012","E","Estimated value"
"ET","Temperature change on land","021","Northern America","6078","Standard Deviation","7011","November","2009","2009","°C","1.012","E","Estimated value"
"ET","Temperature change on land","021","Northern America","6078","Standard Deviation","7011","November","2010","2010","°C","1.012","E","Estimated value"
"ET","Temperature change on land","021","Northern America","6078","Standard Deviation","7011","November","2011","2011","°C","1.012","E","Estimated value"
"ET","Temperature change on land","021","Northern America","6078","Standard Deviation","7011","November","2012","2012","°C","1.012","E","Estimated value"
"ET","Temperature change on land","021","Northern America","6078","Standard Deviation","7011","November","2013","2013","°C","1.012","E","Estimated value"
"ET","Temperature change on land","021","Northern America","6078","Standard Deviation","7011","November","2014","2014","°C","1.012","E","Estimated value"
"ET","Temperature change on land","021","Northern America","6078","Standard Deviation","7011","November","2015","2015","°C","1.012","E","Estimated value"
"ET","Temperature change on land","021","Northern America","6078","Standard Deviation","7011","November","2016","2016","°C","1.012","E","Estimated value"
"ET","Temperature change on land","021","Northern America","6078","Standard Deviation","7011","November","2017","2017","°C","1.012","E","Estimated value"
"ET","Temperature change on land","021","Northern America","6078","Standard Deviation","7011","November","2018","2018","°C","1.012","E","Estimated value"
"ET","Temperature change on land","021","Northern America","6078","Standard Deviation","7011","November","2019","2019","°C","1.012","E","Estimated value"
"ET","Temperature change on land","021","Northern America","6078","Standard Deviation","7011","November","2020","2020","°C","1.012","E","Estimated value"
"ET","Temperature change on land","021","Northern America","6078","Standard Deviation","7011","November","2021","2021","°C","1.012","E","Estimated value"
"ET","Temperature change on land","021","Northern America","6078","Standard Deviation","7011","November","2022","2022","°C","1.012","E","Estimated value"
"ET","Temperature change on land","021","Northern America","6078","Standard Deviation","7011","November","2023","2023","°C","1.012","E","Estimated value"
"ET","Temperature change on land","021","Northern America","6078","Standard Deviation","7011","November","2024","2024","°C","1.012","E","Estimated value"
"ET","Temperature change on land","021","Northern America","6078","Standard Deviation","7011","November","2025","2025","°C","1.012","E","Estimated value"
"ET","Temperature change on land","021","Northern America","7271","Temperature change","7012","December","1961","1961","°C","-1.042","E","Estimated value"
"ET","Temperature change on land","021","Northern America","7271","Temperature change","7012","December","1962","1962","°C","1.021","E","Estimated value"
"ET","Temperature change on land","021","Northern America","7271","Temperature change","7012","December","1963","1963","°C","-0.146","E","Estimated value"
"ET","Temperature change on land","021","Northern America","7271","Temperature change","7012","December","1964","1964","°C","-1.992","E","Estimated value"
"ET","Temperature change on land","021","Northern America","7271","Temperature change","7012","December","1965","1965","°C","1.021","E","Estimated value"
"ET","Temperature change on land","021","Northern America","7271","Temperature change","7012","December","1966","1966","°C","0.413","E","Estimated value"
"ET","Temperature change on land","021","Northern America","7271","Temperature change","7012","December","1967","1967","°C","1.388","E","Estimated value"
"ET","Temperature change on land","021","Northern America","7271","Temperature change","7012","December","1968","1968","°C","-1.004","E","Estimated value"
"ET","Temperature change on land","021","Northern America","7271","Temperature change","7012","December","1969","1969","°C","3.053","E","Estimated value"
"ET","Temperature change on land","021","Northern America","7271","Temperature change","7012","December","1970","1970","°C","-1.764","E","Estimated value"
"ET","Temperature change on land","021","Northern America","7271","Temperature change","7012","December","1971","1971","°C","-1.558","E","Estimated value"
"ET","Temperature change on land","021","Northern America","7271","Temperature change","7012","December","1972","1972","°C","-2.729","E","Estimated value"
"ET","Temperature change on land","021","Northern America","7271","Temperature change","7012","December","1973","1973","°C","0.788","E","Estimated value"
"ET","Temperature change on land","021","Northern America","7271","Temperature change","7012","December","1974","1974","°C","1.299","E","Estimated value"
"ET","Temperature change on land","021","Northern America","7271","Temperature change","7012","December","1975","1975","°C","-0.797","E","Estimated value"
"ET","Temperature change on land","021","Northern America","7271","Temperature change","7012","December","1976","1976","°C","-1.148","E","Estimated value"
"ET","Temperature change on land","021","Northern America","7271","Temperature change","7012","December","1977","1977","°C","-1.292","E","Estimated value"
"ET","Temperature change on land","021","Northern America","7271","Temperature change","7012","December","1978","1978","°C","0.105","E","Estimated value"
"ET","Temperature change on land","021","Northern America","7271","Temperature change","7012","December","1979","1979","°C","1.654","E","Estimated value"
"ET","Temperature change on land","021","Northern America","7271","Temperature change","7012","December","1980","1980","°C","-1.781","E","Estimated value"
"ET","Temperature change on land","021","Northern America","7271","Temperature change","7012","December","1981","1981","°C","1.841","E","Estimated value"
"ET","Temperature change on land","021","Northern America","7271","Temperature change","7012","December","1982","1982","°C","0.684","E","Estimated value"
"ET","Temperature change on land","021","Northern America","7271","Temperature change","7012","December","1983","1983","°C","-2.607","E","Estimated value"
"ET","Temperature change on land","021","Northern America","7271","Temperature change","7012","December","1984","1984","°C","-1.209","E","Estimated value"
"ET","Temperature change on land","021","Northern America","7271","Temperature change","7012","December","1985","1985","°C","0.83","E","Estimated value"
"ET","Temperature change on land","021","Northern America","7271","Temperature change","7012","December","1986","1986","°C","2.299","E","Estimated value"
"ET","Temperature change on land","021","Northern America","7271","Temperature change","7012","December","1987","1987","°C","3.064","E","Estimated value"
"ET","Temperature change on land","021","Northern America","7271","Temperature change","7012","December","1988","1988","°C","0.399","E","Estimated value"
"ET","Temperature change on land","021","Northern America","7271","Temperature change","7012","December","1989","1989","°C","-1.371","E","Estimated value"
"ET","Temperature change on land","021","Northern America","7271","Temperature change","7012","December","1990","1990","°C","-1.749","E","Estimated value"
"ET","Temperature change on land","021","Northern America","7271","Temperature change","7012","December","1991","1991","°C","0.688","E","Estimated value"
"ET","Temperature change on land","021","Northern America","7271","Temperature change","7012","December","1992","1992","°C","-0.491","E","Estimated value"
"ET","Temperature change on land","021","Northern America","7271","Temperature change","7012","December","1993","1993","°C","1.445","E","Estimated value"
"ET","Temperature change on land","021","Northern America","7271","Temperature change","7012","December","1994","1994","°C","1.985","E","Estimated value"
"ET","Temperature change on land","021","Northern America","7271","Temperature change","7012","December","1995","1995","°C","-0.304","E","Estimated value"
"ET","Temperature change on land","021","Northern America","7271","Temperature change","7012","December","1996","1996","°C","0.792","E","Estimated value"
"ET","Temperature change on land","021","Northern America","7271","Temperature change","7012","December","1997","1997","°C","2.92","E","Estimated value"
"ET","Temperature change on land","021","Northern America","7271","Temperature change","7012","December","1998","1998","°C","2.204","E","Estimated value"
"ET","Temperature change on land","021","Northern America","7271","Temperature change","7012","December","1999","1999","°C","2.56","E","Estimated value"
"ET","Temperature change on land","021","Northern America","7271","Temperature change","7012","December","2000","2000","°C","-0.73","E","Estimated value"
"ET","Temperature change on land","021","Northern America","7271","Temperature change","7012","December","2001","2001","°C","3.097","E","Estimated value"
"ET","Temperature change on land","021","Northern America","7271","Temperature change","7012","December","2002","2002","°C","3.816","E","Estimated value"
"ET","Temperature change on land","021","Northern America","7271","Temperature change","7012","December","2003","2003","°C","2.738","E","Estimated value"
"ET","Temperature change on land","021","Northern America","7271","Temperature change","7012","December","2004","2004","°C","-0.059","E","Estimated value"
"ET","Temperature change on land","021","Northern America","7271","Temperature change","7012","December","2005","2005","°C","2.634","E","Estimated value"
"ET","Temperature change on land","021","Northern America","7271","Temperature change","7012","December","2006","2006","°C","3.972","E","Estimated value"
"ET","Temperature change on land","021","Northern America","7271","Temperature change","7012","December","2007","2007","°C","0.338","E","Estimated value"
"ET","Temperature change on land","021","Northern America","7271","Temperature change","7012","December","2008","2008","°C","-1.149","E","Estimated value"
"ET","Temperature change on land","021","Northern America","7271","Temperature change","7012","December","2009","2009","°C","1.085","E","Estimated value"
"ET","Temperature change on land","021","Northern America","7271","Temperature change","7012","December","2010","2010","°C","2.349","E","Estimated value"
"ET","Temperature change on land","021","Northern America","7271","Temperature change","7012","December","2011","2011","°C","3.139","E","Estimated value"
"ET","Temperature change on land","021","Northern America","7271","Temperature change","7012","December","2012","2012","°C","1.197","E","Estimated value"
"ET","Temperature change on land","021","Northern America","7271","Temperature change","7012","December","2013","2013","°C","-1.678","E","Estimated value"
"ET","Temperature change on land","021","Northern America","7271","Temperature change","7012","December","2014","2014","°C","2.818","E","Estimated value"
"ET","Temperature change on land","021","Northern America","7271","Temperature change","7012","December","2015","2015","°C","3.477","E","Estimated value"
"ET","Temperature change on land","021","Northern America","7271","Temperature change","7012","December","2016","2016","°C","0.64","E","Estimated value"
"ET","Temperature change on land","021","Northern America","7271","Temperature change","7012","December","2017","2017","°C","2.083","E","Estimated value"
"ET","Temperature change on land","021","Northern America","7271","Temperature change","7012","December","2018","2018","°C","2.812","E","Estimated value"
"ET","Temperature change on land","021","Northern America","7271","Temperature change","7012","December","2019","2019","°C","2.26","E","Estimated value"
"ET","Temperature change on land","021","Northern America","7271","Temperature change","7012","December","2020","2020","°C","3.633","E","Estimated value"
"ET","Temperature change on land","021","Northern America","7271","Temperature change","7012","December","2021","2021","°C","1.735","E","Estimated value"
"ET","Temperature change on land","021","Northern America","7271","Temperature change","7012","December","2022","2022","°C","1.128","E","Estimated value"
"ET","Temperature change on land","021","Northern America","7271","Temperature change","7012","December","2023","2023","°C","6.047","E","Estimated value"
"ET","Temperature change on land","021","Northern America","7271","Temperature change","7012","December","2024","2024","°C","4.064","E","Estimated value"
"ET","Temperature change on land","021","Northern America","7271","Temperature change","7012","December","2025","2025","°C","0.731","E","Estimated value"
"ET","Temperature change on land","021","Northern America","6078","Standard Deviation","7012","December","1961","1961","°C","1.547","E","Estimated value"
"ET","Temperature change on land","021","Northern America","6078","Standard Deviation","7012","December","1962","1962","°C","1.547","E","Estimated value"
"ET","Temperature change on land","021","Northern America","6078","Standard Deviation","7012","December","1963","1963","°C","1.547","E","Estimated value"
"ET","Temperature change on land","021","Northern America","6078","Standard Deviation","7012","December","1964","1964","°C","1.547","E","Estimated value"
"ET","Temperature change on land","021","Northern America","6078","Standard Deviation","7012","December","1965","1965","°C","1.547","E","Estimated value"
"ET","Temperature change on land","021","Northern America","6078","Standard Deviation","7012","December","1966","1966","°C","1.547","E","Estimated value"
"ET","Temperature change on land","021","Northern America","6078","Standard Deviation","7012","December","1967","1967","°C","1.547","E","Estimated value"
"ET","Temperature change on land","021","Northern America","6078","Standard Deviation","7012","December","1968","1968","°C","1.547","E","Estimated value"
"ET","Temperature change on land","021","Northern America","6078","Standard Deviation","7012","December","1969","1969","°C","1.547","E","Estimated value"
"ET","Temperature change on land","021","Northern America","6078","Standard Deviation","7012","December","1970","1970","°C","1.547","E","Estimated value"
"ET","Temperature change on land","021","Northern America","6078","Standard Deviation","7012","December","1971","1971","°C","1.547","E","Estimated value"
"ET","Temperature change on land","021","Northern America","6078","Standard Deviation","7012","December","1972","1972","°C","1.547","E","Estimated value"
"ET","Temperature change on land","021","Northern America","6078","Standard Deviation","7012","December","1973","1973","°C","1.547","E","Estimated value"
"ET","Temperature change on land","021","Northern America","6078","Standard Deviation","7012","December","1974","1974","°C","1.547","E","Estimated value"
"ET","Temperature change on land","021","Northern America","6078","Standard Deviation","7012","December","1975","1975","°C","1.547","E","Estimated value"
"ET","Temperature change on land","021","Northern America","6078","Standard Deviation","7012","December","1976","1976","°C","1.547","E","Estimated value"
"ET","Temperature change on land","021","Northern America","6078","Standard Deviation","7012","December","1977","1977","°C","1.547","E","Estimated value"
"ET","Temperature change on land","021","Northern America","6078","Standard Deviation","7012","December","1978","1978","°C","1.547","E","Estimated value"
"ET","Temperature change on land","021","Northern America","6078","Standard Deviation","7012","December","1979","1979","°C","1.547","E","Estimated value"
"ET","Temperature change on land","021","Northern America","6078","Standard Deviation","7012","December","1980","1980","°C","1.547","E","Estimated value"
"ET","Temperature change on land","021","Northern America","6078","Standard Deviation","7012","December","1981","1981","°C","1.547","E","Estimated value"
"ET","Temperature change on land","021","Northern America","6078","Standard Deviation","7012","December","1982","1982","°C","1.547","E","Estimated value"
"ET","Temperature change on land","021","Northern America","6078","Standard Deviation","7012","December","1983","1983","°C","1.547","E","Estimated value"
"ET","Temperature change on land","021","Northern America","6078","Standard Deviation","7012","December","1984","1984","°C","1.547","E","Estimated value"
"ET","Temperature change on land","021","Northern America","6078","Standard Deviation","7012","December","1985","1985","°C","1.547","E","Estimated value"
"ET","Temperature change on land","021","Northern America","6078","Standard Deviation","7012","December","1986","1986","°C","1.547","E","Estimated value"
"ET","Temperature change on land","021","Northern America","6078","Standard Deviation","7012","December","1987","1987","°C","1.547","E","Estimated value"
"ET","Temperature change on land","021","Northern America","6078","Standard Deviation","7012","December","1988","1988","°C","1.547","E","Estimated value"
"ET","Temperature change on land","021","Northern America","6078","Standard Deviation","7012","December","1989","1989","°C","1.547","E","Estimated value"
"ET","Temperature change on land","021","Northern America","6078","Standard Deviation","7012","December","1990","1990","°C","1.547","E","Estimated value"
"ET","Temperature change on land","021","Northern America","6078","Standard Deviation","7012","December","1991","1991","°C","1.547","E","Estimated value"
"ET","Temperature change on land","021","Northern America","6078","Standard Deviation","7012","December","1992","1992","°C","1.547","E","Estimated value"
"ET","Temperature change on land","021","Northern America","6078","Standard Deviation","7012","December","1993","1993","°C","1.547","E","Estimated value"
"ET","Temperature change on land","021","Northern America","6078","Standard Deviation","7012","December","1994","1994","°C","1.547","E","Estimated value"
"ET","Temperature change on land","021","Northern America","6078","Standard Deviation","7012","December","1995","1995","°C","1.547","E","Estimated value"
"ET","Temperature change on land","021","Northern America","6078","Standard Deviation","7012","December","1996","1996","°C","1.547","E","Estimated value"
"ET","Temperature change on land","021","Northern America","6078","Standard Deviation","7012","December","1997","1997","°C","1.547","E","Estimated value"
"ET","Temperature change on land","021","Northern America","6078","Standard Deviation","7012","December","1998","1998","°C","1.547","E","Estimated value"
"ET","Temperature change on land","021","Northern America","6078","Standard Deviation","7012","December","1999","1999","°C","1.547","E","Estimated value"
"ET","Temperature change on land","021","Northern America","6078","Standard Deviation","7012","December","2000","2000","°C","1.547","E","Estimated value"
"ET","Temperature change on land","021","Northern America","6078","Standard Deviation","7012","December","2001","2001","°C","1.547","E","Estimated value"
"ET","Temperature change on land","021","Northern America","6078","Standard Deviation","7012","December","2002","2002","°C","1.547","E","Estimated value"
"ET","Temperature change on land","021","Northern America","6078","Standard Deviation","7012","December","2003","2003","°C","1.547","E","Estimated value"
"ET","Temperature change on land","021","Northern America","6078","Standard Deviation","7012","December","2004","2004","°C","1.547","E","Estimated value"
"ET","Temperature change on land","021","Northern America","6078","Standard Deviation","7012","December","2005","2005","°C","1.547","E","Estimated value"
"ET","Temperature change on land","021","Northern America","6078","Standard Deviation","7012","December","2006","2006","°C","1.547","E","Estimated value"
"ET","Temperature change on land","021","Northern America","6078","Standard Deviation","7012","December","2007","2007","°C","1.547","E","Estimated value"
"ET","Temperature change on land","021","Northern America","6078","Standard Deviation","7012","December","2008","2008","°C","1.547","E","Estimated value"
"ET","Temperature change on land","021","Northern America","6078","Standard Deviation","7012","December","2009","2009","°C","1.547","E","Estimated value"
"ET","Temperature change on land","021","Northern America","6078","Standard Deviation","7012","December","2010","2010","°C","1.547","E","Estimated value"
"ET","Temperature change on land","021","Northern America","6078","Standard Deviation","7012","December","2011","2011","°C","1.547","E","Estimated value"
"ET","Temperature change on land","021","Northern America","6078","Standard Deviation","7012","December","2012","2012","°C","1.547","E","Estimated value"
"ET","Temperature change on land","021","Northern America","6078","Standard Deviation","7012","December","2013","2013","°C","1.547","E","Estimated value"
"ET","Temperature change on land","021","Northern America","6078","Standard Deviation","7012","December","2014","2014","°C","1.547","E","Estimated value"
"ET","Temperature change on land","021","Northern America","6078","Standard Deviation","7012","December","2015","2015","°C","1.547","E","Estimated value"
"ET","Temperature change on land","021","Northern America","6078","Standard Deviation","7012","December","2016","2016","°C","1.547","E","Estimated value"
"ET","Temperature change on land","021","Northern America","6078","Standard Deviation","7012","December","2017","2017","°C","1.547","E","Estimated value"
"ET","Temperature change on land","021","Northern America","6078","Standard Deviation","7012","December","2018","2018","°C","1.547","E","Estimated value"
"ET","Temperature change on land","021","Northern America","6078","Standard Deviation","7012","December","2019","2019","°C","1.547","E","Estimated value"
"ET","Temperature change on land","021","Northern America","6078","Standard Deviation","7012","December","2020","2020","°C","1.547","E","Estimated value"
"ET","Temperature change on land","021","Northern America","6078","Standard Deviation","7012","December","2021","2021","°C","1.547","E","Estimated value"
"ET","Temperature change on land","021","Northern America","6078","Standard Deviation","7012","December","2022","2022","°C","1.547","E","Estimated value"
"ET","Temperature change on land","021","Northern America","6078","Standard Deviation","7012","December","2023","2023","°C","1.547","E","Estimated value"
"ET","Temperature change on land","021","Northern America","6078","Standard Deviation","7012","December","2024","2024","°C","1.547","E","Estimated value"
"ET","Temperature change on land","021","Northern America","6078","Standard Deviation","7012","December","2025","2025","°C","1.547","E","Estimated value"
"ET","Temperature change on land","021","Northern America","7271","Temperature change","7016","Dec–Jan–Feb","1961","1961","°C","0.761","E","Estimated value"
"ET","Temperature change on land","021","Northern America","7271","Temperature change","7016","Dec–Jan–Feb","1962","1962","°C","-0.948","E","Estimated value"
"ET","Temperature change on land","021","Northern America","7271","Temperature change","7016","Dec–Jan–Feb","1963","1963","°C","0.396","E","Estimated value"
"ET","Temperature change on land","021","Northern America","7271","Temperature change","7016","Dec–Jan–Feb","1964","1964","°C","0.737","E","Estimated value"
"ET","Temperature change on land","021","Northern America","7271","Temperature change","7016","Dec–Jan–Feb","1965","1965","°C","-1.37","E","Estimated value"
"ET","Temperature change on land","021","Northern America","7271","Temperature change","7016","Dec–Jan–Feb","1966","1966","°C","-0.353","E","Estimated value"
"ET","Temperature change on land","021","Northern America","7271","Temperature change","7016","Dec–Jan–Feb","1967","1967","°C","-0.153","E","Estimated value"
"ET","Temperature change on land","021","Northern America","7271","Temperature change","7016","Dec–Jan–Feb","1968","1968","°C","0.297","E","Estimated value"
"ET","Temperature change on land","021","Northern America","7271","Temperature change","7016","Dec–Jan–Feb","1969","1969","°C","-0.176","E","Estimated value"
"ET","Temperature change on land","021","Northern America","7271","Temperature change","7016","Dec–Jan–Feb","1970","1970","°C","1.045","E","Estimated value"
"ET","Temperature change on land","021","Northern America","7271","Temperature change","7016","Dec–Jan–Feb","1971","1971","°C","-0.927","E","Estimated value"
"ET","Temperature change on land","021","Northern America","7271","Temperature change","7016","Dec–Jan–Feb","1972","1972","°C","-2.093","E","Estimated value"
"ET","Temperature change on land","021","Northern America","7271","Temperature change","7016","Dec–Jan–Feb","1973","1973","°C","-0.807","E","Estimated value"
"ET","Temperature change on land","021","Northern America","7271","Temperature change","7016","Dec–Jan–Feb","1974","1974","°C","-0.46","E","Estimated value"
"ET","Temperature change on land","021","Northern America","7271","Temperature change","7016","Dec–Jan–Feb","1975","1975","°C","0.117","E","Estimated value"
"ET","Temperature change on land","021","Northern America","7271","Temperature change","7016","Dec–Jan–Feb","1976","1976","°C","0.057","E","Estimated value"
"ET","Temperature change on land","021","Northern America","7271","Temperature change","7016","Dec–Jan–Feb","1977","1977","°C","1.046","E","Estimated value"
"ET","Temperature change on land","021","Northern America","7271","Temperature change","7016","Dec–Jan–Feb","1978","1978","°C","-0.103","E","Estimated value"
"ET","Temperature change on land","021","Northern America","7271","Temperature change","7016","Dec–Jan–Feb","1979","1979","°C","-1.755","E","Estimated value"
"ET","Temperature change on land","021","Northern America","7271","Temperature change","7016","Dec–Jan–Feb","1980","1980","°C","1.401","E","Estimated value"
"ET","Temperature change on land","021","Northern America","7271","Temperature change","7016","Dec–Jan–Feb","1981","1981","°C","2.086","E","Estimated value"
"ET","Temperature change on land","021","Northern America","7271","Temperature change","7016","Dec–Jan–Feb","1982","1982","°C","-0.648","E","Estimated value"
"ET","Temperature change on land","021","Northern America","7271","Temperature change","7016","Dec–Jan–Feb","1983","1983","°C","0.966","E","Estimated value"
"ET","Temperature change on land","021","Northern America","7271","Temperature change","7016","Dec–Jan–Feb","1984","1984","°C","-0.132","E","Estimated value"
"ET","Temperature change on land","021","Northern America","7271","Temperature change","7016","Dec–Jan–Feb","1985","1985","°C","-0.146","E","Estimated value"
"ET","Temperature change on land","021","Northern America","7271","Temperature change","7016","Dec–Jan–Feb","1986","1986","°C","1.657","E","Estimated value"
"ET","Temperature change on land","021","Northern America","7271","Temperature change","7016","Dec–Jan–Feb","1987","1987","°C","2.627","E","Estimated value"
"ET","Temperature change on land","021","Northern America","7271","Temperature change","7016","Dec–Jan–Feb","1988","1988","°C","1.186","E","Estimated value"
"ET","Temperature change on land","021","Northern America","7271","Temperature change","7016","Dec–Jan–Feb","1989","1989","°C","0.141","E","Estimated value"
"ET","Temperature change on land","021","Northern America","7271","Temperature change","7016","Dec–Jan–Feb","1990","1990","°C","-0.359","E","Estimated value"
"ET","Temperature change on land","021","Northern America","7271","Temperature change","7016","Dec–Jan–Feb","1991","1991","°C","0.036","E","Estimated value"
"ET","Temperature change on land","021","Northern America","7271","Temperature change","7016","Dec–Jan–Feb","1992","1992","°C","1.43","E","Estimated value"
"ET","Temperature change on land","021","Northern America","7271","Temperature change","7016","Dec–Jan–Feb","1993","1993","°C","0.008","E","Estimated value"
"ET","Temperature change on land","021","Northern America","7271","Temperature change","7016","Dec–Jan–Feb","1994","1994","°C","-0.782","E","Estimated value"
"ET","Temperature change on land","021","Northern America","7271","Temperature change","7016","Dec–Jan–Feb","1995","1995","°C","1.795","E","Estimated value"
"ET","Temperature change on land","021","Northern America","7271","Temperature change","7016","Dec–Jan–Feb","1996","1996","°C","-0.066","E","Estimated value"
"ET","Temperature change on land","021","Northern America","7271","Temperature change","7016","Dec–Jan–Feb","1997","1997","°C","0.848","E","Estimated value"
"ET","Temperature change on land","021","Northern America","7271","Temperature change","7016","Dec–Jan–Feb","1998","1998","°C","2.565","E","Estimated value"
"ET","Temperature change on land","021","Northern America","7271","Temperature change","7016","Dec–Jan–Feb","1999","1999","°C","2.133","E","Estimated value"
"ET","Temperature change on land","021","Northern America","7271","Temperature change","7016","Dec–Jan–Feb","2000","2000","°C","2.422","E","Estimated value"
"ET","Temperature change on land","021","Northern America","7271","Temperature change","7016","Dec–Jan–Feb","2001","2001","°C","1.162","E","Estimated value"
"ET","Temperature change on land","021","Northern America","7271","Temperature change","7016","Dec–Jan–Feb","2002","2002","°C","2.233","E","Estimated value"
"ET","Temperature change on land","021","Northern America","7271","Temperature change","7016","Dec–Jan–Feb","2003","2003","°C","2.013","E","Estimated value"
"ET","Temperature change on land","021","Northern America","7271","Temperature change","7016","Dec–Jan–Feb","2004","2004","°C","1.264","E","Estimated value"
"ET","Temperature change on land","021","Northern America","7271","Temperature change","7016","Dec–Jan–Feb","2005","2005","°C","1.045","E","Estimated value"
"ET","Temperature change on land","021","Northern America","7271","Temperature change","7016","Dec–Jan–Feb","2006","2006","°C","3.15","E","Estimated value"
"ET","Temperature change on land","021","Northern America","7271","Temperature change","7016","Dec–Jan–Feb","2007","2007","°C","2.371","E","Estimated value"
"ET","Temperature change on land","021","Northern America","7271","Temperature change","7016","Dec–Jan–Feb","2008","2008","°C","0.488","E","Estimated value"
"ET","Temperature change on land","021","Northern America","7271","Temperature change","7016","Dec–Jan–Feb","2009","2009","°C","0.419","E","Estimated value"
"ET","Temperature change on land","021","Northern America","7271","Temperature change","7016","Dec–Jan–Feb","2010","2010","°C","2.557","E","Estimated value"
"ET","Temperature change on land","021","Northern America","7271","Temperature change","7016","Dec–Jan–Feb","2011","2011","°C","1.664","E","Estimated value"
"ET","Temperature change on land","021","Northern America","7271","Temperature change","7016","Dec–Jan–Feb","2012","2012","°C","3.04","E","Estimated value"
"ET","Temperature change on land","021","Northern America","7271","Temperature change","7016","Dec–Jan–Feb","2013","2013","°C","1.654","E","Estimated value"
"ET","Temperature change on land","021","Northern America","7271","Temperature change","7016","Dec–Jan–Feb","2014","2014","°C","0.08","E","Estimated value"
"ET","Temperature change on land","021","Northern America","7271","Temperature change","7016","Dec–Jan–Feb","2015","2015","°C","1.25","E","Estimated value"
"ET","Temperature change on land","021","Northern America","7271","Temperature change","7016","Dec–Jan–Feb","2016","2016","°C","3.68","E","Estimated value"
"ET","Temperature change on land","021","Northern America","7271","Temperature change","7016","Dec–Jan–Feb","2017","2017","°C","2.593","E","Estimated value"
"ET","Temperature change on land","021","Northern America","7271","Temperature change","7016","Dec–Jan–Feb","2018","2018","°C","1.576","E","Estimated value"
"ET","Temperature change on land","021","Northern America","7271","Temperature change","7016","Dec–Jan–Feb","2019","2019","°C","1.27","E","Estimated value"
"ET","Temperature change on land","021","Northern America","7271","Temperature change","7016","Dec–Jan–Feb","2020","2020","°C","1.968","E","Estimated value"
"ET","Temperature change on land","021","Northern America","7271","Temperature change","7016","Dec–Jan–Feb","2021","2021","°C","2.878","E","Estimated value"
"ET","Temperature change on land","021","Northern America","7271","Temperature change","7016","Dec–Jan–Feb","2022","2022","°C","0.746","E","Estimated value"
"ET","Temperature change on land","021","Northern America","7271","Temperature change","7016","Dec–Jan–Feb","2023","2023","°C","1.881","E","Estimated value"
"ET","Temperature change on land","021","Northern America","7271","Temperature change","7016","Dec–Jan–Feb","2024","2024","°C","4.333","E","Estimated value"
"ET","Temperature change on land","021","Northern America","7271","Temperature change","7016","Dec–Jan–Feb","2025","2025","°C","3.161","E","Estimated value"
"ET","Temperature change on land","021","Northern America","6078","Standard Deviation","7016","Dec–Jan–Feb","1961","1961","°C","0.981","E","Estimated value"
"ET","Temperature change on land","021","Northern America","6078","Standard Deviation","7016","Dec–Jan–Feb","1962","1962","°C","0.981","E","Estimated value"
"ET","Temperature change on land","021","Northern America","6078","Standard Deviation","7016","Dec–Jan–Feb","1963","1963","°C","0.981","E","Estimated value"
"ET","Temperature change on land","021","Northern America","6078","Standard Deviation","7016","Dec–Jan–Feb","1964","1964","°C","0.981","E","Estimated value"
"ET","Temperature change on land","021","Northern America","6078","Standard Deviation","7016","Dec–Jan–Feb","1965","1965","°C","0.981","E","Estimated value"
"ET","Temperature change on land","021","Northern America","6078","Standard Deviation","7016","Dec–Jan–Feb","1966","1966","°C","0.981","E","Estimated value"
"ET","Temperature change on land","021","Northern America","6078","Standard Deviation","7016","Dec–Jan–Feb","1967","1967","°C","0.981","E","Estimated value"
"ET","Temperature change on land","021","Northern America","6078","Standard Deviation","7016","Dec–Jan–Feb","1968","1968","°C","0.981","E","Estimated value"
"ET","Temperature change on land","021","Northern America","6078","Standard Deviation","7016","Dec–Jan–Feb","1969","1969","°C","0.981","E","Estimated value"
"ET","Temperature change on land","021","Northern America","6078","Standard Deviation","7016","Dec–Jan–Feb","1970","1970","°C","0.981","E","Estimated value"
"ET","Temperature change on land","021","Northern America","6078","Standard Deviation","7016","Dec–Jan–Feb","1971","1971","°C","0.981","E","Estimated value"
"ET","Temperature change on land","021","Northern America","6078","Standard Deviation","7016","Dec–Jan–Feb","1972","1972","°C","0.981","E","Estimated value"
"ET","Temperature change on land","021","Northern America","6078","Standard Deviation","7016","Dec–Jan–Feb","1973","1973","°C","0.981","E","Estimated value"
"ET","Temperature change on land","021","Northern America","6078","Standard Deviation","7016","Dec–Jan–Feb","1974","1974","°C","0.981","E","Estimated value"
"ET","Temperature change on land","021","Northern America","6078","Standard Deviation","7016","Dec–Jan–Feb","1975","1975","°C","0.981","E","Estimated value"
"ET","Temperature change on land","021","Northern America","6078","Standard Deviation","7016","Dec–Jan–Feb","1976","1976","°C","0.981","E","Estimated value"
"ET","Temperature change on land","021","Northern America","6078","Standard Deviation","7016","Dec–Jan–Feb","1977","1977","°C","0.981","E","Estimated value"
"ET","Temperature change on land","021","Northern America","6078","Standard Deviation","7016","Dec–Jan–Feb","1978","1978","°C","0.981","E","Estimated value"
"ET","Temperature change on land","021","Northern America","6078","Standard Deviation","7016","Dec–Jan–Feb","1979","1979","°C","0.981","E","Estimated value"
"ET","Temperature change on land","021","Northern America","6078","Standard Deviation","7016","Dec–Jan–Feb","1980","1980","°C","0.981","E","Estimated value"
"ET","Temperature change on land","021","Northern America","6078","Standard Deviation","7016","Dec–Jan–Feb","1981","1981","°C","0.981","E","Estimated value"
"ET","Temperature change on land","021","Northern America","6078","Standard Deviation","7016","Dec–Jan–Feb","1982","1982","°C","0.981","E","Estimated value"
"ET","Temperature change on land","021","Northern America","6078","Standard Deviation","7016","Dec–Jan–Feb","1983","1983","°C","0.981","E","Estimated value"
"ET","Temperature change on land","021","Northern America","6078","Standard Deviation","7016","Dec–Jan–Feb","1984","1984","°C","0.981","E","Estimated value"
"ET","Temperature change on land","021","Northern America","6078","Standard Deviation","7016","Dec–Jan–Feb","1985","1985","°C","0.981","E","Estimated value"
"ET","Temperature change on land","021","Northern America","6078","Standard Deviation","7016","Dec–Jan–Feb","1986","1986","°C","0.981","E","Estimated value"
"ET","Temperature change on land","021","Northern America","6078","Standard Deviation","7016","Dec–Jan–Feb","1987","1987","°C","0.981","E","Estimated value"
"ET","Temperature change on land","021","Northern America","6078","Standard Deviation","7016","Dec–Jan–Feb","1988","1988","°C","0.981","E","Estimated value"
"ET","Temperature change on land","021","Northern America","6078","Standard Deviation","7016","Dec–Jan–Feb","1989","1989","°C","0.981","E","Estimated value"
"ET","Temperature change on land","021","Northern America","6078","Standard Deviation","7016","Dec–Jan–Feb","1990","1990","°C","0.981","E","Estimated value"
"ET","Temperature change on land","021","Northern America","6078","Standard Deviation","7016","Dec–Jan–Feb","1991","1991","°C","0.981","E","Estimated value"
"ET","Temperature change on land","021","Northern America","6078","Standard Deviation","7016","Dec–Jan–Feb","1992","1992","°C","0.981","E","Estimated value"
"ET","Temperature change on land","021","Northern America","6078","Standard Deviation","7016","Dec–Jan–Feb","1993","1993","°C","0.981","E","Estimated value"
"ET","Temperature change on land","021","Northern America","6078","Standard Deviation","7016","Dec–Jan–Feb","1994","1994","°C","0.981","E","Estimated value"
"ET","Temperature change on land","021","Northern America","6078","Standard Deviation","7016","Dec–Jan–Feb","1995","1995","°C","0.981","E","Estimated value"
"ET","Temperature change on land","021","Northern America","6078","Standard Deviation","7016","Dec–Jan–Feb","1996","1996","°C","0.981","E","Estimated value"
"ET","Temperature change on land","021","Northern America","6078","Standard Deviation","7016","Dec–Jan–Feb","1997","1997","°C","0.981","E","Estimated value"
"ET","Temperature change on land","021","Northern America","6078","Standard Deviation","7016","Dec–Jan–Feb","1998","1998","°C","0.981","E","Estimated value"
"ET","Temperature change on land","021","Northern America","6078","Standard Deviation","7016","Dec–Jan–Feb","1999","1999","°C","0.981","E","Estimated value"
"ET","Temperature change on land","021","Northern America","6078","Standard Deviation","7016","Dec–Jan–Feb","2000","2000","°C","0.981","E","Estimated value"
"ET","Temperature change on land","021","Northern America","6078","Standard Deviation","7016","Dec–Jan–Feb","2001","2001","°C","0.981","E","Estimated value"
"ET","Temperature change on land","021","Northern America","6078","Standard Deviation","7016","Dec–Jan–Feb","2002","2002","°C","0.981","E","Estimated value"
"ET","Temperature change on land","021","Northern America","6078","Standard Deviation","7016","Dec–Jan–Feb","2003","2003","°C","0.981","E","Estimated value"
"ET","Temperature change on land","021","Northern America","6078","Standard Deviation","7016","Dec–Jan–Feb","2004","2004","°C","0.981","E","Estimated value"
"ET","Temperature change on land","021","Northern America","6078","Standard Deviation","7016","Dec–Jan–Feb","2005","2005","°C","0.981","E","Estimated value"
"ET","Temperature change on land","021","Northern America","6078","Standard Deviation","7016","Dec–Jan–Feb","2006","2006","°C","0.981","E","Estimated value"
"ET","Temperature change on land","021","Northern America","6078","Standard Deviation","7016","Dec–Jan–Feb","2007","2007","°C","0.981","E","Estimated value"
"ET","Temperature change on land","021","Northern America","6078","Standard Deviation","7016","Dec–Jan–Feb","2008","2008","°C","0.981","E","Estimated value"
"ET","Temperature change on land","021","Northern America","6078","Standard Deviation","7016","Dec–Jan–Feb","2009","2009","°C","0.981","E","Estimated value"
"ET","Temperature change on land","021","Northern America","6078","Standard Deviation","7016","Dec–Jan–Feb","2010","2010","°C","0.981","E","Estimated value"
"ET","Temperature change on land","021","Northern America","6078","Standard Deviation","7016","Dec–Jan–Feb","2011","2011","°C","0.981","E","Estimated value"
"ET","Temperature change on land","021","Northern America","6078","Standard Deviation","7016","Dec–Jan–Feb","2012","2012","°C","0.981","E","Estimated value"
"ET","Temperature change on land","021","Northern America","6078","Standard Deviation","7016","Dec–Jan–Feb","2013","2013","°C","0.981","E","Estimated value"
"ET","Temperature change on land","021","Northern America","6078","Standard Deviation","7016","Dec–Jan–Feb","2014","2014","°C","0.981","E","Estimated value"
"ET","Temperature change on land","021","Northern America","6078","Standard Deviation","7016","Dec–Jan–Feb","2015","2015","°C","0.981","E","Estimated value"
"ET","Temperature change on land","021","Northern America","6078","Standard Deviation","7016","Dec–Jan–Feb","2016","2016","°C","0.981","E","Estimated value"
"ET","Temperature change on land","021","Northern America","6078","Standard Deviation","7016","Dec–Jan–Feb","2017","2017","°C","0.981","E","Estimated value"
"ET","Temperature change on land","021","Northern America","6078","Standard Deviation","7016","Dec–Jan–Feb","2018","2018","°C","0.981","E","Estimated value"
"ET","Temperature change on land","021","Northern America","6078","Standard Deviation","7016","Dec–Jan–Feb","2019","2019","°C","0.981","E","Estimated value"
"ET","Temperature change on land","021","Northern America","6078","Standard Deviation","7016","Dec–Jan–Feb","2020","2020","°C","0.981","E","Estimated value"
"ET","Temperature change on land","021","Northern America","6078","Standard Deviation","7016","Dec–Jan–Feb","2021","2021","°C","0.981","E","Estimated value"
"ET","Temperature change on land","021","Northern America","6078","Standard Deviation","7016","Dec–Jan–Feb","2022","2022","°C","0.981","E","Estimated value"
"ET","Temperature change on land","021","Northern America","6078","Standard Deviation","7016","Dec–Jan–Feb","2023","2023","°C","0.981","E","Estimated value"
"ET","Temperature change on land","021","Northern America","6078","Standard Deviation","7016","Dec–Jan–Feb","2024","2024","°C","0.981","E","Estimated value"
"ET","Temperature change on land","021","Northern America","6078","Standard Deviation","7016","Dec–Jan–Feb","2025","2025","°C","0.981","E","Estimated value"
"ET","Temperature change on land","021","Northern America","7271","Temperature change","7017","Mar–Apr–May","1961","1961","°C","-0.568","E","Estimated value"
"ET","Temperature change on land","021","Northern America","7271","Temperature change","7017","Mar–Apr–May","1962","1962","°C","0.011","E","Estimated value"
"ET","Temperature change on land","021","Northern America","7271","Temperature change","7017","Mar–Apr–May","1963","1963","°C","0.122","E","Estimated value"
"ET","Temperature change on land","021","Northern America","7271","Temperature change","7017","Mar–Apr–May","1964","1964","°C","-1.319","E","Estimated value"
"ET","Temperature change on land","021","Northern America","7271","Temperature change","7017","Mar–Apr–May","1965","1965","°C","0.035","E","Estimated value"
"ET","Temperature change on land","021","Northern America","7271","Temperature change","7017","Mar–Apr–May","1966","1966","°C","-0.088","E","Estimated value"
"ET","Temperature change on land","021","Northern America","7271","Temperature change","7017","Mar–Apr–May","1967","1967","°C","-0.974","E","Estimated value"
"ET","Temperature change on land","021","Northern America","7271","Temperature change","7017","Mar–Apr–May","1968","1968","°C","0.628","E","Estimated value"
"ET","Temperature change on land","021","Northern America","7271","Temperature change","7017","Mar–Apr–May","1969","1969","°C","-0.002","E","Estimated value"
"ET","Temperature change on land","021","Northern America","7271","Temperature change","7017","Mar–Apr–May","1970","1970","°C","-0.233","E","Estimated value"
"ET","Temperature change on land","021","Northern America","7271","Temperature change","7017","Mar–Apr–May","1971","1971","°C","-0.05","E","Estimated value"
"ET","Temperature change on land","021","Northern America","7271","Temperature change","7017","Mar–Apr–May","1972","1972","°C","-0.76","E","Estimated value"
"ET","Temperature change on land","021","Northern America","7271","Temperature change","7017","Mar–Apr–May","1973","1973","°C","0.68","E","Estimated value"
"ET","Temperature change on land","021","Northern America","7271","Temperature change","7017","Mar–Apr–May","1974","1974","°C","-0.826","E","Estimated value"
"ET","Temperature change on land","021","Northern America","7271","Temperature change","7017","Mar–Apr–May","1975","1975","°C","-0.349","E","Estimated value"
"ET","Temperature change on land","021","Northern America","7271","Temperature change","7017","Mar–Apr–May","1976","1976","°C","0.379","E","Estimated value"
"ET","Temperature change on land","021","Northern America","7271","Temperature change","7017","Mar–Apr–May","1977","1977","°C","1.586","E","Estimated value"
"ET","Temperature change on land","021","Northern America","7271","Temperature change","7017","Mar–Apr–May","1978","1978","°C","-0.158","E","Estimated value"
"ET","Temperature change on land","021","Northern America","7271","Temperature change","7017","Mar–Apr–May","1979","1979","°C","0.127","E","Estimated value"
"ET","Temperature change on land","021","Northern America","7271","Temperature change","7017","Mar–Apr–May","1980","1980","°C","1.049","E","Estimated value"
"ET","Temperature change on land","021","Northern America","7271","Temperature change","7017","Mar–Apr–May","1981","1981","°C","1.605","E","Estimated value"
"ET","Temperature change on land","021","Northern America","7271","Temperature change","7017","Mar–Apr–May","1982","1982","°C","-0.688","E","Estimated value"
"ET","Temperature change on land","021","Northern America","7271","Temperature change","7017","Mar–Apr–May","1983","1983","°C","-0.426","E","Estimated value"
"ET","Temperature change on land","021","Northern America","7271","Temperature change","7017","Mar–Apr–May","1984","1984","°C","0.583","E","Estimated value"
"ET","Temperature change on land","021","Northern America","7271","Temperature change","7017","Mar–Apr–May","1985","1985","°C","0.587","E","Estimated value"
"ET","Temperature change on land","021","Northern America","7271","Temperature change","7017","Mar–Apr–May","1986","1986","°C","0.758","E","Estimated value"
"ET","Temperature change on land","021","Northern America","7271","Temperature change","7017","Mar–Apr–May","1987","1987","°C","1.063","E","Estimated value"
"ET","Temperature change on land","021","Northern America","7271","Temperature change","7017","Mar–Apr–May","1988","1988","°C","1.511","E","Estimated value"
"ET","Temperature change on land","021","Northern America","7271","Temperature change","7017","Mar–Apr–May","1989","1989","°C","-0.042","E","Estimated value"
"ET","Temperature change on land","021","Northern America","7271","Temperature change","7017","Mar–Apr–May","1990","1990","°C","1.236","E","Estimated value"
"ET","Temperature change on land","021","Northern America","7271","Temperature change","7017","Mar–Apr–May","1991","1991","°C","1.228","E","Estimated value"
"ET","Temperature change on land","021","Northern America","7271","Temperature change","7017","Mar–Apr–May","1992","1992","°C","0.438","E","Estimated value"
"ET","Temperature change on land","021","Northern America","7271","Temperature change","7017","Mar–Apr–May","1993","1993","°C","1.114","E","Estimated value"
"ET","Temperature change on land","021","Northern America","7271","Temperature change","7017","Mar–Apr–May","1994","1994","°C","1.028","E","Estimated value"
"ET","Temperature change on land","021","Northern America","7271","Temperature change","7017","Mar–Apr–May","1995","1995","°C","0.683","E","Estimated value"
"ET","Temperature change on land","021","Northern America","7271","Temperature change","7017","Mar–Apr–May","1996","1996","°C","-0.153","E","Estimated value"
"ET","Temperature change on land","021","Northern America","7271","Temperature change","7017","Mar–Apr–May","1997","1997","°C","-0.223","E","Estimated value"
"ET","Temperature change on land","021","Northern America","7271","Temperature change","7017","Mar–Apr–May","1998","1998","°C","2.181","E","Estimated value"
"ET","Temperature change on land","021","Northern America","7271","Temperature change","7017","Mar–Apr–May","1999","1999","°C","1.698","E","Estimated value"
"ET","Temperature change on land","021","Northern America","7271","Temperature change","7017","Mar–Apr–May","2000","2000","°C","1.532","E","Estimated value"
"ET","Temperature change on land","021","Northern America","7271","Temperature change","7017","Mar–Apr–May","2001","2001","°C","1.4","E","Estimated value"
"ET","Temperature change on land","021","Northern America","7271","Temperature change","7017","Mar–Apr–May","2002","2002","°C","-0.89","E","Estimated value"
"ET","Temperature change on land","021","Northern America","7271","Temperature change","7017","Mar–Apr–May","2003","2003","°C","0.531","E","Estimated value"
"ET","Temperature change on land","021","Northern America","7271","Temperature change","7017","Mar–Apr–May","2004","2004","°C","0.518","E","Estimated value"
"ET","Temperature change on land","021","Northern America","7271","Temperature change","7017","Mar–Apr–May","2005","2005","°C","1.714","E","Estimated value"
"ET","Temperature change on land","021","Northern America","7271","Temperature change","7017","Mar–Apr–May","2006","2006","°C","2.335","E","Estimated value"
"ET","Temperature change on land","021","Northern America","7271","Temperature change","7017","Mar–Apr–May","2007","2007","°C","0.761","E","Estimated value"
"ET","Temperature change on land","021","Northern America","7271","Temperature change","7017","Mar–Apr–May","2008","2008","°C","0.315","E","Estimated value"
"ET","Temperature change on land","021","Northern America","7271","Temperature change","7017","Mar–Apr–May","2009","2009","°C","0.065","E","Estimated value"
"ET","Temperature change on land","021","Northern America","7271","Temperature change","7017","Mar–Apr–May","2010","2010","°C","2.891","E","Estimated value"
"ET","Temperature change on land","021","Northern America","7271","Temperature change","7017","Mar–Apr–May","2011","2011","°C","0.234","E","Estimated value"
"ET","Temperature change on land","021","Northern America","7271","Temperature change","7017","Mar–Apr–May","2012","2012","°C","2.094","E","Estimated value"
"ET","Temperature change on land","021","Northern America","7271","Temperature change","7017","Mar–Apr–May","2013","2013","°C","0.342","E","Estimated value"
"ET","Temperature change on land","021","Northern America","7271","Temperature change","7017","Mar–Apr–May","2014","2014","°C","0.065","E","Estimated value"
"ET","Temperature change on land","021","Northern America","7271","Temperature change","7017","Mar–Apr–May","2015","2015","°C","1.424","E","Estimated value"
"ET","Temperature change on land","021","Northern America","7271","Temperature change","7017","Mar–Apr–May","2016","2016","°C","2.002","E","Estimated value"
"ET","Temperature change on land","021","Northern America","7271","Temperature change","7017","Mar–Apr–May","2017","2017","°C","1.156","E","Estimated value"
"ET","Temperature change on land","021","Northern America","7271","Temperature change","7017","Mar–Apr–May","2018","2018","°C","0.869","E","Estimated value"
"ET","Temperature change on land","021","Northern America","7271","Temperature change","7017","Mar–Apr–May","2019","2019","°C","1.414","E","Estimated value"
"ET","Temperature change on land","021","Northern America","7271","Temperature change","7017","Mar–Apr–May","2020","2020","°C","0.621","E","Estimated value"
"ET","Temperature change on land","021","Northern America","7271","Temperature change","7017","Mar–Apr–May","2021","2021","°C","1.36","E","Estimated value"
"ET","Temperature change on land","021","Northern America","7271","Temperature change","7017","Mar–Apr–May","2022","2022","°C","1.003","E","Estimated value"
"ET","Temperature change on land","021","Northern America","7271","Temperature change","7017","Mar–Apr–May","2023","2023","°C","1.45","E","Estimated value"
"ET","Temperature change on land","021","Northern America","7271","Temperature change","7017","Mar–Apr–May","2024","2024","°C","2.306","E","Estimated value"
"ET","Temperature change on land","021","Northern America","7271","Temperature change","7017","Mar–Apr–May","2025","2025","°C","2.067","E","Estimated value"
"ET","Temperature change on land","021","Northern America","6078","Standard Deviation","7017","Mar–Apr–May","1961","1961","°C","0.673","E","Estimated value"
"ET","Temperature change on land","021","Northern America","6078","Standard Deviation","7017","Mar–Apr–May","1962","1962","°C","0.673","E","Estimated value"
"ET","Temperature change on land","021","Northern America","6078","Standard Deviation","7017","Mar–Apr–May","1963","1963","°C","0.673","E","Estimated value"
"ET","Temperature change on land","021","Northern America","6078","Standard Deviation","7017","Mar–Apr–May","1964","1964","°C","0.673","E","Estimated value"
"ET","Temperature change on land","021","Northern America","6078","Standard Deviation","7017","Mar–Apr–May","1965","1965","°C","0.673","E","Estimated value"
"ET","Temperature change on land","021","Northern America","6078","Standard Deviation","7017","Mar–Apr–May","1966","1966","°C","0.673","E","Estimated value"
"ET","Temperature change on land","021","Northern America","6078","Standard Deviation","7017","Mar–Apr–May","1967","1967","°C","0.673","E","Estimated value"
"ET","Temperature change on land","021","Northern America","6078","Standard Deviation","7017","Mar–Apr–May","1968","1968","°C","0.673","E","Estimated value"
"ET","Temperature change on land","021","Northern America","6078","Standard Deviation","7017","Mar–Apr–May","1969","1969","°C","0.673","E","Estimated value"
"ET","Temperature change on land","021","Northern America","6078","Standard Deviation","7017","Mar–Apr–May","1970","1970","°C","0.673","E","Estimated value"
"ET","Temperature change on land","021","Northern America","6078","Standard Deviation","7017","Mar–Apr–May","1971","1971","°C","0.673","E","Estimated value"
"ET","Temperature change on land","021","Northern America","6078","Standard Deviation","7017","Mar–Apr–May","1972","1972","°C","0.673","E","Estimated value"
"ET","Temperature change on land","021","Northern America","6078","Standard Deviation","7017","Mar–Apr–May","1973","1973","°C","0.673","E","Estimated value"
"ET","Temperature change on land","021","Northern America","6078","Standard Deviation","7017","Mar–Apr–May","1974","1974","°C","0.673","E","Estimated value"
"ET","Temperature change on land","021","Northern America","6078","Standard Deviation","7017","Mar–Apr–May","1975","1975","°C","0.673","E","Estimated value"
"ET","Temperature change on land","021","Northern America","6078","Standard Deviation","7017","Mar–Apr–May","1976","1976","°C","0.673","E","Estimated value"
"ET","Temperature change on land","021","Northern America","6078","Standard Deviation","7017","Mar–Apr–May","1977","1977","°C","0.673","E","Estimated value"
"ET","Temperature change on land","021","Northern America","6078","Standard Deviation","7017","Mar–Apr–May","1978","1978","°C","0.673","E","Estimated value"
"ET","Temperature change on land","021","Northern America","6078","Standard Deviation","7017","Mar–Apr–May","1979","1979","°C","0.673","E","Estimated value"
"ET","Temperature change on land","021","Northern America","6078","Standard Deviation","7017","Mar–Apr–May","1980","1980","°C","0.673","E","Estimated value"
"ET","Temperature change on land","021","Northern America","6078","Standard Deviation","7017","Mar–Apr–May","1981","1981","°C","0.673","E","Estimated value"
"ET","Temperature change on land","021","Northern America","6078","Standard Deviation","7017","Mar–Apr–May","1982","1982","°C","0.673","E","Estimated value"
"ET","Temperature change on land","021","Northern America","6078","Standard Deviation","7017","Mar–Apr–May","1983","1983","°C","0.673","E","Estimated value"
"ET","Temperature change on land","021","Northern America","6078","Standard Deviation","7017","Mar–Apr–May","1984","1984","°C","0.673","E","Estimated value"
"ET","Temperature change on land","021","Northern America","6078","Standard Deviation","7017","Mar–Apr–May","1985","1985","°C","0.673","E","Estimated value"
"ET","Temperature change on land","021","Northern America","6078","Standard Deviation","7017","Mar–Apr–May","1986","1986","°C","0.673","E","Estimated value"
"ET","Temperature change on land","021","Northern America","6078","Standard Deviation","7017","Mar–Apr–May","1987","1987","°C","0.673","E","Estimated value"
"ET","Temperature change on land","021","Northern America","6078","Standard Deviation","7017","Mar–Apr–May","1988","1988","°C","0.673","E","Estimated value"
"ET","Temperature change on land","021","Northern America","6078","Standard Deviation","7017","Mar–Apr–May","1989","1989","°C","0.673","E","Estimated value"
"ET","Temperature change on land","021","Northern America","6078","Standard Deviation","7017","Mar–Apr–May","1990","1990","°C","0.673","E","Estimated value"
"ET","Temperature change on land","021","Northern America","6078","Standard Deviation","7017","Mar–Apr–May","1991","1991","°C","0.673","E","Estimated value"
"ET","Temperature change on land","021","Northern America","6078","Standard Deviation","7017","Mar–Apr–May","1992","1992","°C","0.673","E","Estimated value"
"ET","Temperature change on land","021","Northern America","6078","Standard Deviation","7017","Mar–Apr–May","1993","1993","°C","0.673","E","Estimated value"
"ET","Temperature change on land","021","Northern America","6078","Standard Deviation","7017","Mar–Apr–May","1994","1994","°C","0.673","E","Estimated value"
"ET","Temperature change on land","021","Northern America","6078","Standard Deviation","7017","Mar–Apr–May","1995","1995","°C","0.673","E","Estimated value"
"ET","Temperature change on land","021","Northern America","6078","Standard Deviation","7017","Mar–Apr–May","1996","1996","°C","0.673","E","Estimated value"
"ET","Temperature change on land","021","Northern America","6078","Standard Deviation","7017","Mar–Apr–May","1997","1997","°C","0.673","E","Estimated value"
"ET","Temperature change on land","021","Northern America","6078","Standard Deviation","7017","Mar–Apr–May","1998","1998","°C","0.673","E","Estimated value"
"ET","Temperature change on land","021","Northern America","6078","Standard Deviation","7017","Mar–Apr–May","1999","1999","°C","0.673","E","Estimated value"
"ET","Temperature change on land","021","Northern America","6078","Standard Deviation","7017","Mar–Apr–May","2000","2000","°C","0.673","E","Estimated value"
"ET","Temperature change on land","021","Northern America","6078","Standard Deviation","7017","Mar–Apr–May","2001","2001","°C","0.673","E","Estimated value"
"ET","Temperature change on land","021","Northern America","6078","Standard Deviation","7017","Mar–Apr–May","2002","2002","°C","0.673","E","Estimated value"
"ET","Temperature change on land","021","Northern America","6078","Standard Deviation","7017","Mar–Apr–May","2003","2003","°C","0.673","E","Estimated value"
"ET","Temperature change on land","021","Northern America","6078","Standard Deviation","7017","Mar–Apr–May","2004","2004","°C","0.673","E","Estimated value"
"ET","Temperature change on land","021","Northern America","6078","Standard Deviation","7017","Mar–Apr–May","2005","2005","°C","0.673","E","Estimated value"
"ET","Temperature change on land","021","Northern America","6078","Standard Deviation","7017","Mar–Apr–May","2006","2006","°C","0.673","E","Estimated value"
"ET","Temperature change on land","021","Northern America","6078","Standard Deviation","7017","Mar–Apr–May","2007","2007","°C","0.673","E","Estimated value"
"ET","Temperature change on land","021","Northern America","6078","Standard Deviation","7017","Mar–Apr–May","2008","2008","°C","0.673","E","Estimated value"
"ET","Temperature change on land","021","Northern America","6078","Standard Deviation","7017","Mar–Apr–May","2009","2009","°C","0.673","E","Estimated value"
"ET","Temperature change on land","021","Northern America","6078","Standard Deviation","7017","Mar–Apr–May","2010","2010","°C","0.673","E","Estimated value"
"ET","Temperature change on land","021","Northern America","6078","Standard Deviation","7017","Mar–Apr–May","2011","2011","°C","0.673","E","Estimated value"
"ET","Temperature change on land","021","Northern America","6078","Standard Deviation","7017","Mar–Apr–May","2012","2012","°C","0.673","E","Estimated value"
"ET","Temperature change on land","021","Northern America","6078","Standard Deviation","7017","Mar–Apr–May","2013","2013","°C","0.673","E","Estimated value"
"ET","Temperature change on land","021","Northern America","6078","Standard Deviation","7017","Mar–Apr–May","2014","2014","°C","0.673","E","Estimated value"
"ET","Temperature change on land","021","Northern America","6078","Standard Deviation","7017","Mar–Apr–May","2015","2015","°C","0.673","E","Estimated value"
"ET","Temperature change on land","021","Northern America","6078","Standard Deviation","7017","Mar–Apr–May","2016","2016","°C","0.673","E","Estimated value"
"ET","Temperature change on land","021","Northern America","6078","Standard Deviation","7017","Mar–Apr–May","2017","2017","°C","0.673","E","Estimated value"
"ET","Temperature change on land","021","Northern America","6078","Standard Deviation","7017","Mar–Apr–May","2018","2018","°C","0.673","E","Estimated value"
"ET","Temperature change on land","021","Northern America","6078","Standard Deviation","7017","Mar–Apr–May","2019","2019","°C","0.673","E","Estimated value"
"ET","Temperature change on land","021","Northern America","6078","Standard Deviation","7017","Mar–Apr–May","2020","2020","°C","0.673","E","Estimated value"
"ET","Temperature change on land","021","Northern America","6078","Standard Deviation","7017","Mar–Apr–May","2021","2021","°C","0.673","E","Estimated value"
"ET","Temperature change on land","021","Northern America","6078","Standard Deviation","7017","Mar–Apr–May","2022","2022","°C","0.673","E","Estimated value"
"ET","Temperature change on land","021","Northern America","6078","Standard Deviation","7017","Mar–Apr–May","2023","2023","°C","0.673","E","Estimated value"
"ET","Temperature change on land","021","Northern America","6078","Standard Deviation","7017","Mar–Apr–May","2024","2024","°C","0.673","E","Estimated value"
"ET","Temperature change on land","021","Northern America","6078","Standard Deviation","7017","Mar–Apr–May","2025","2025","°C","0.673","E","Estimated value"
"ET","Temperature change on land","021","Northern America","7271","Temperature change","7018","Jun–Jul–Aug","1961","1961","°C","0.426","E","Estimated value"
"ET","Temperature change on land","021","Northern America","7271","Temperature change","7018","Jun–Jul–Aug","1962","1962","°C","-0.01","E","Estimated value"
"ET","Temperature change on land","021","Northern America","7271","Temperature change","7018","Jun–Jul–Aug","1963","1963","°C","0.021","E","Estimated value"
"ET","Temperature change on land","021","Northern America","7271","Temperature change","7018","Jun–Jul–Aug","1964","1964","°C","-0.378","E","Estimated value"
"ET","Temperature change on land","021","Northern America","7271","Temperature change","7018","Jun–Jul–Aug","1965","1965","°C","-0.691","E","Estimated value"
"ET","Temperature change on land","021","Northern America","7271","Temperature change","7018","Jun–Jul–Aug","1966","1966","°C","0.133","E","Estimated value"
"ET","Temperature change on land","021","Northern America","7271","Temperature change","7018","Jun–Jul–Aug","1967","1967","°C","-0.116","E","Estimated value"
"ET","Temperature change on land","021","Northern America","7271","Temperature change","7018","Jun–Jul–Aug","1968","1968","°C","-0.579","E","Estimated value"
"ET","Temperature change on land","021","Northern America","7271","Temperature change","7018","Jun–Jul–Aug","1969","1969","°C","-0.239","E","Estimated value"
"ET","Temperature change on land","021","Northern America","7271","Temperature change","7018","Jun–Jul–Aug","1970","1970","°C","0.336","E","Estimated value"
"ET","Temperature change on land","021","Northern America","7271","Temperature change","7018","Jun–Jul–Aug","1971","1971","°C","0.105","E","Estimated value"
"ET","Temperature change on land","021","Northern America","7271","Temperature change","7018","Jun–Jul–Aug","1972","1972","°C","-0.531","E","Estimated value"
"ET","Temperature change on land","021","Northern America","7271","Temperature change","7018","Jun–Jul–Aug","1973","1973","°C","0.495","E","Estimated value"
"ET","Temperature change on land","021","Northern America","7271","Temperature change","7018","Jun–Jul–Aug","1974","1974","°C","-0.048","E","Estimated value"
"ET","Temperature change on land","021","Northern America","7271","Temperature change","7018","Jun–Jul–Aug","1975","1975","°C","0.37","E","Estimated value"
"ET","Temperature change on land","021","Northern America","7271","Temperature change","7018","Jun–Jul–Aug","1976","1976","°C","-0.103","E","Estimated value"
"ET","Temperature change on land","021","Northern America","7271","Temperature change","7018","Jun–Jul–Aug","1977","1977","°C","0.175","E","Estimated value"
"ET","Temperature change on land","021","Northern America","7271","Temperature change","7018","Jun–Jul–Aug","1978","1978","°C","-0.408","E","Estimated value"
"ET","Temperature change on land","021","Northern America","7271","Temperature change","7018","Jun–Jul–Aug","1979","1979","°C","-0.033","E","Estimated value"
"ET","Temperature change on land","021","Northern America","7271","Temperature change","7018","Jun–Jul–Aug","1980","1980","°C","0.241","E","Estimated value"
"ET","Temperature change on land","021","Northern America","7271","Temperature change","7018","Jun–Jul–Aug","1981","1981","°C","0.463","E","Estimated value"
"ET","Temperature change on land","021","Northern America","7271","Temperature change","7018","Jun–Jul–Aug","1982","1982","°C","-0.332","E","Estimated value"
"ET","Temperature change on land","021","Northern America","7271","Temperature change","7018","Jun–Jul–Aug","1983","1983","°C","0.588","E","Estimated value"
"ET","Temperature change on land","021","Northern America","7271","Temperature change","7018","Jun–Jul–Aug","1984","1984","°C","0.551","E","Estimated value"
"ET","Temperature change on land","021","Northern America","7271","Temperature change","7018","Jun–Jul–Aug","1985","1985","°C","-0.155","E","Estimated value"
"ET","Temperature change on land","021","Northern America","7271","Temperature change","7018","Jun–Jul–Aug","1986","1986","°C","-0.281","E","Estimated value"
"ET","Temperature change on land","021","Northern America","7271","Temperature change","7018","Jun–Jul–Aug","1987","1987","°C","0.146","E","Estimated value"
"ET","Temperature change on land","021","Northern America","7271","Temperature change","7018","Jun–Jul–Aug","1988","1988","°C","0.835","E","Estimated value"
"ET","Temperature change on land","021","Northern America","7271","Temperature change","7018","Jun–Jul–Aug","1989","1989","°C","0.707","E","Estimated value"
"ET","Temperature change on land","021","Northern America","7271","Temperature change","7018","Jun–Jul–Aug","1990","1990","°C","0.535","E","Estimated value"
"ET","Temperature change on land","021","Northern America","7271","Temperature change","7018","Jun–Jul–Aug","1991","1991","°C","0.717","E","Estimated value"
"ET","Temperature change on land","021","Northern America","7271","Temperature change","7018","Jun–Jul–Aug","1992","1992","°C","-0.727","E","Estimated value"
"ET","Temperature change on land","021","Northern America","7271","Temperature change","7018","Jun–Jul–Aug","1993","1993","°C","0.151","E","Estimated value"
"ET","Temperature change on land","021","Northern America","7271","Temperature change","7018","Jun–Jul–Aug","1994","1994","°C","0.734","E","Estimated value"
"ET","Temperature change on land","021","Northern America","7271","Temperature change","7018","Jun–Jul–Aug","1995","1995","°C","0.639","E","Estimated value"
"ET","Temperature change on land","021","Northern America","7271","Temperature change","7018","Jun–Jul–Aug","1996","1996","°C","0.505","E","Estimated value"
"ET","Temperature change on land","021","Northern America","7271","Temperature change","7018","Jun–Jul–Aug","1997","1997","°C","0.513","E","Estimated value"
"ET","Temperature change on land","021","Northern America","7271","Temperature change","7018","Jun–Jul–Aug","1998","1998","°C","1.308","E","Estimated value"
"ET","Temperature change on land","021","Northern America","7271","Temperature change","7018","Jun–Jul–Aug","1999","1999","°C","0.516","E","Estimated value"
"ET","Temperature change on land","021","Northern America","7271","Temperature change","7018","Jun–Jul–Aug","2000","2000","°C","0.376","E","Estimated value"
"ET","Temperature change on land","021","Northern America","7271","Temperature change","7018","Jun–Jul–Aug","2001","2001","°C","0.886","E","Estimated value"
"ET","Temperature change on land","021","Northern America","7271","Temperature change","7018","Jun–Jul–Aug","2002","2002","°C","0.718","E","Estimated value"
"ET","Temperature change on land","021","Northern America","7271","Temperature change","7018","Jun–Jul–Aug","2003","2003","°C","0.891","E","Estimated value"
"ET","Temperature change on land","021","Northern America","7271","Temperature change","7018","Jun–Jul–Aug","2004","2004","°C","0.06","E","Estimated value"
"ET","Temperature change on land","021","Northern America","7271","Temperature change","7018","Jun–Jul–Aug","2005","2005","°C","0.764","E","Estimated value"
"ET","Temperature change on land","021","Northern America","7271","Temperature change","7018","Jun–Jul–Aug","2006","2006","°C","1.241","E","Estimated value"
"ET","Temperature change on land","021","Northern America","7271","Temperature change","7018","Jun–Jul–Aug","2007","2007","°C","1","E","Estimated value"
"ET","Temperature change on land","021","Northern America","7271","Temperature change","7018","Jun–Jul–Aug","2008","2008","°C","0.743","E","Estimated value"
"ET","Temperature change on land","021","Northern America","7271","Temperature change","7018","Jun–Jul–Aug","2009","2009","°C","0.315","E","Estimated value"
"ET","Temperature change on land","021","Northern America","7271","Temperature change","7018","Jun–Jul–Aug","2010","2010","°C","1.145","E","Estimated value"
"ET","Temperature change on land","021","Northern America","7271","Temperature change","7018","Jun–Jul–Aug","2011","2011","°C","1.127","E","Estimated value"
"ET","Temperature change on land","021","Northern America","7271","Temperature change","7018","Jun–Jul–Aug","2012","2012","°C","1.62","E","Estimated value"
"ET","Temperature change on land","021","Northern America","7271","Temperature change","7018","Jun–Jul–Aug","2013","2013","°C","1.025","E","Estimated value"
"ET","Temperature change on land","021","Northern America","7271","Temperature change","7018","Jun–Jul–Aug","2014","2014","°C","0.898","E","Estimated value"
"ET","Temperature change on land","021","Northern America","7271","Temperature change","7018","Jun–Jul–Aug","2015","2015","°C","1.021","E","Estimated value"
"ET","Temperature change on land","021","Northern America","7271","Temperature change","7018","Jun–Jul–Aug","2016","2016","°C","1.436","E","Estimated value"
"ET","Temperature change on land","021","Northern America","7271","Temperature change","7018","Jun–Jul–Aug","2017","2017","°C","0.971","E","Estimated value"
"ET","Temperature change on land","021","Northern America","7271","Temperature change","7018","Jun–Jul–Aug","2018","2018","°C","0.935","E","Estimated value"
"ET","Temperature change on land","021","Northern America","7271","Temperature change","7018","Jun–Jul–Aug","2019","2019","°C","0.915","E","Estimated value"
"ET","Temperature change on land","021","Northern America","7271","Temperature change","7018","Jun–Jul–Aug","2020","2020","°C","1.337","E","Estimated value"
"ET","Temperature change on land","021","Northern America","7271","Temperature change","7018","Jun–Jul–Aug","2021","2021","°C","1.432","E","Estimated value"
"ET","Temperature change on land","021","Northern America","7271","Temperature change","7018","Jun–Jul–Aug","2022","2022","°C","1.65","E","Estimated value"
"ET","Temperature change on land","021","Northern America","7271","Temperature change","7018","Jun–Jul–Aug","2023","2023","°C","1.682","E","Estimated value"
"ET","Temperature change on land","021","Northern America","7271","Temperature change","7018","Jun–Jul–Aug","2024","2024","°C","1.617","E","Estimated value"
"ET","Temperature change on land","021","Northern America","7271","Temperature change","7018","Jun–Jul–Aug","2025","2025","°C","1.403","E","Estimated value"
"ET","Temperature change on land","021","Northern America","6078","Standard Deviation","7018","Jun–Jul–Aug","1961","1961","°C","0.315","E","Estimated value"
"ET","Temperature change on land","021","Northern America","6078","Standard Deviation","7018","Jun–Jul–Aug","1962","1962","°C","0.315","E","Estimated value"
"ET","Temperature change on land","021","Northern America","6078","Standard Deviation","7018","Jun–Jul–Aug","1963","1963","°C","0.315","E","Estimated value"
"ET","Temperature change on land","021","Northern America","6078","Standard Deviation","7018","Jun–Jul–Aug","1964","1964","°C","0.315","E","Estimated value"
"ET","Temperature change on land","021","Northern America","6078","Standard Deviation","7018","Jun–Jul–Aug","1965","1965","°C","0.315","E","Estimated value"
"ET","Temperature change on land","021","Northern America","6078","Standard Deviation","7018","Jun–Jul–Aug","1966","1966","°C","0.315","E","Estimated value"
"ET","Temperature change on land","021","Northern America","6078","Standard Deviation","7018","Jun–Jul–Aug","1967","1967","°C","0.315","E","Estimated value"
"ET","Temperature change on land","021","Northern America","6078","Standard Deviation","7018","Jun–Jul–Aug","1968","1968","°C","0.315","E","Estimated value"
"ET","Temperature change on land","021","Northern America","6078","Standard Deviation","7018","Jun–Jul–Aug","1969","1969","°C","0.315","E","Estimated value"
"ET","Temperature change on land","021","Northern America","6078","Standard Deviation","7018","Jun–Jul–Aug","1970","1970","°C","0.315","E","Estimated value"
"ET","Temperature change on land","021","Northern America","6078","Standard Deviation","7018","Jun–Jul–Aug","1971","1971","°C","0.315","E","Estimated value"
"ET","Temperature change on land","021","Northern America","6078","Standard Deviation","7018","Jun–Jul–Aug","1972","1972","°C","0.315","E","Estimated value"
"ET","Temperature change on land","021","Northern America","6078","Standard Deviation","7018","Jun–Jul–Aug","1973","1973","°C","0.315","E","Estimated value"
"ET","Temperature change on land","021","Northern America","6078","Standard Deviation","7018","Jun–Jul–Aug","1974","1974","°C","0.315","E","Estimated value"
"ET","Temperature change on land","021","Northern America","6078","Standard Deviation","7018","Jun–Jul–Aug","1975","1975","°C","0.315","E","Estimated value"
"ET","Temperature change on land","021","Northern America","6078","Standard Deviation","7018","Jun–Jul–Aug","1976","1976","°C","0.315","E","Estimated value"
"ET","Temperature change on land","021","Northern America","6078","Standard Deviation","7018","Jun–Jul–Aug","1977","1977","°C","0.315","E","Estimated value"
"ET","Temperature change on land","021","Northern America","6078","Standard Deviation","7018","Jun–Jul–Aug","1978","1978","°C","0.315","E","Estimated value"
"ET","Temperature change on land","021","Northern America","6078","Standard Deviation","7018","Jun–Jul–Aug","1979","1979","°C","0.315","E","Estimated value"
"ET","Temperature change on land","021","Northern America","6078","Standard Deviation","7018","Jun–Jul–Aug","1980","1980","°C","0.315","E","Estimated value"
"ET","Temperature change on land","021","Northern America","6078","Standard Deviation","7018","Jun–Jul–Aug","1981","1981","°C","0.315","E","Estimated value"
"ET","Temperature change on land","021","Northern America","6078","Standard Deviation","7018","Jun–Jul–Aug","1982","1982","°C","0.315","E","Estimated value"
"ET","Temperature change on land","021","Northern America","6078","Standard Deviation","7018","Jun–Jul–Aug","1983","1983","°C","0.315","E","Estimated value"
"ET","Temperature change on land","021","Northern America","6078","Standard Deviation","7018","Jun–Jul–Aug","1984","1984","°C","0.315","E","Estimated value"
"ET","Temperature change on land","021","Northern America","6078","Standard Deviation","7018","Jun–Jul–Aug","1985","1985","°C","0.315","E","Estimated value"
"ET","Temperature change on land","021","Northern America","6078","Standard Deviation","7018","Jun–Jul–Aug","1986","1986","°C","0.315","E","Estimated value"
"ET","Temperature change on land","021","Northern America","6078","Standard Deviation","7018","Jun–Jul–Aug","1987","1987","°C","0.315","E","Estimated value"
"ET","Temperature change on land","021","Northern America","6078","Standard Deviation","7018","Jun–Jul–Aug","1988","1988","°C","0.315","E","Estimated value"
"ET","Temperature change on land","021","Northern America","6078","Standard Deviation","7018","Jun–Jul–Aug","1989","1989","°C","0.315","E","Estimated value"
"ET","Temperature change on land","021","Northern America","6078","Standard Deviation","7018","Jun–Jul–Aug","1990","1990","°C","0.315","E","Estimated value"
"ET","Temperature change on land","021","Northern America","6078","Standard Deviation","7018","Jun–Jul–Aug","1991","1991","°C","0.315","E","Estimated value"
"ET","Temperature change on land","021","Northern America","6078","Standard Deviation","7018","Jun–Jul–Aug","1992","1992","°C","0.315","E","Estimated value"
"ET","Temperature change on land","021","Northern America","6078","Standard Deviation","7018","Jun–Jul–Aug","1993","1993","°C","0.315","E","Estimated value"
"ET","Temperature change on land","021","Northern America","6078","Standard Deviation","7018","Jun–Jul–Aug","1994","1994","°C","0.315","E","Estimated value"
"ET","Temperature change on land","021","Northern America","6078","Standard Deviation","7018","Jun–Jul–Aug","1995","1995","°C","0.315","E","Estimated value"
"ET","Temperature change on land","021","Northern America","6078","Standard Deviation","7018","Jun–Jul–Aug","1996","1996","°C","0.315","E","Estimated value"
"ET","Temperature change on land","021","Northern America","6078","Standard Deviation","7018","Jun–Jul–Aug","1997","1997","°C","0.315","E","Estimated value"
"ET","Temperature change on land","021","Northern America","6078","Standard Deviation","7018","Jun–Jul–Aug","1998","1998","°C","0.315","E","Estimated value"
"ET","Temperature change on land","021","Northern America","6078","Standard Deviation","7018","Jun–Jul–Aug","1999","1999","°C","0.315","E","Estimated value"
"ET","Temperature change on land","021","Northern America","6078","Standard Deviation","7018","Jun–Jul–Aug","2000","2000","°C","0.315","E","Estimated value"
"ET","Temperature change on land","021","Northern America","6078","Standard Deviation","7018","Jun–Jul–Aug","2001","2001","°C","0.315","E","Estimated value"
"ET","Temperature change on land","021","Northern America","6078","Standard Deviation","7018","Jun–Jul–Aug","2002","2002","°C","0.315","E","Estimated value"
"ET","Temperature change on land","021","Northern America","6078","Standard Deviation","7018","Jun–Jul–Aug","2003","2003","°C","0.315","E","Estimated value"
"ET","Temperature change on land","021","Northern America","6078","Standard Deviation","7018","Jun–Jul–Aug","2004","2004","°C","0.315","E","Estimated value"
"ET","Temperature change on land","021","Northern America","6078","Standard Deviation","7018","Jun–Jul–Aug","2005","2005","°C","0.315","E","Estimated value"
"ET","Temperature change on land","021","Northern America","6078","Standard Deviation","7018","Jun–Jul–Aug","2006","2006","°C","0.315","E","Estimated value"
"ET","Temperature change on land","021","Northern America","6078","Standard Deviation","7018","Jun–Jul–Aug","2007","2007","°C","0.315","E","Estimated value"
"ET","Temperature change on land","021","Northern America","6078","Standard Deviation","7018","Jun–Jul–Aug","2008","2008","°C","0.315","E","Estimated value"
"ET","Temperature change on land","021","Northern America","6078","Standard Deviation","7018","Jun–Jul–Aug","2009","2009","°C","0.315","E","Estimated value"
"ET","Temperature change on land","021","Northern America","6078","Standard Deviation","7018","Jun–Jul–Aug","2010","2010","°C","0.315","E","Estimated value"
"ET","Temperature change on land","021","Northern America","6078","Standard Deviation","7018","Jun–Jul–Aug","2011","2011","°C","0.315","E","Estimated value"
"ET","Temperature change on land","021","Northern America","6078","Standard Deviation","7018","Jun–Jul–Aug","2012","2012","°C","0.315","E","Estimated value"
"ET","Temperature change on land","021","Northern America","6078","Standard Deviation","7018","Jun–Jul–Aug","2013","2013","°C","0.315","E","Estimated value"
"ET","Temperature change on land","021","Northern America","6078","Standard Deviation","7018","Jun–Jul–Aug","2014","2014","°C","0.315","E","Estimated value"
"ET","Temperature change on land","021","Northern America","6078","Standard Deviation","7018","Jun–Jul–Aug","2015","2015","°C","0.315","E","Estimated value"
"ET","Temperature change on land","021","Northern America","6078","Standard Deviation","7018","Jun–Jul–Aug","2016","2016","°C","0.315","E","Estimated value"
"ET","Temperature change on land","021","Northern America","6078","Standard Deviation","7018","Jun–Jul–Aug","2017","2017","°C","0.315","E","Estimated value"
"ET","Temperature change on land","021","Northern America","6078","Standard Deviation","7018","Jun–Jul–Aug","2018","2018","°C","0.315","E","Estimated value"
"ET","Temperature change on land","021","Northern America","6078","Standard Deviation","7018","Jun–Jul–Aug","2019","2019","°C","0.315","E","Estimated value"
"ET","Temperature change on land","021","Northern America","6078","Standard Deviation","7018","Jun–Jul–Aug","2020","2020","°C","0.315","E","Estimated value"
"ET","Temperature change on land","021","Northern America","6078","Standard Deviation","7018","Jun–Jul–Aug","2021","2021","°C","0.315","E","Estimated value"
"ET","Temperature change on land","021","Northern America","6078","Standard Deviation","7018","Jun–Jul–Aug","2022","2022","°C","0.315","E","Estimated value"
"ET","Temperature change on land","021","Northern America","6078","Standard Deviation","7018","Jun–Jul–Aug","2023","2023","°C","0.315","E","Estimated value"
"ET","Temperature change on land","021","Northern America","6078","Standard Deviation","7018","Jun–Jul–Aug","2024","2024","°C","0.315","E","Estimated value"
"ET","Temperature change on land","021","Northern America","6078","Standard Deviation","7018","Jun–Jul–Aug","2025","2025","°C","0.315","E","Estimated value"
"ET","Temperature change on land","021","Northern America","7271","Temperature change","7019","Sep–Oct–Nov","1961","1961","°C","-0.536","E","Estimated value"
"ET","Temperature change on land","021","Northern America","7271","Temperature change","7019","Sep–Oct–Nov","1962","1962","°C","0.643","E","Estimated value"
"ET","Temperature change on land","021","Northern America","7271","Temperature change","7019","Sep–Oct–Nov","1963","1963","°C","0.943","E","Estimated value"
"ET","Temperature change on land","021","Northern America","7271","Temperature change","7019","Sep–Oct–Nov","1964","1964","°C","-0.18","E","Estimated value"
"ET","Temperature change on land","021","Northern America","7271","Temperature change","7019","Sep–Oct–Nov","1965","1965","°C","-0.6","E","Estimated value"
"ET","Temperature change on land","021","Northern America","7271","Temperature change","7019","Sep–Oct–Nov","1966","1966","°C","-0.434","E","Estimated value"
"ET","Temperature change on land","021","Northern America","7271","Temperature change","7019","Sep–Oct–Nov","1967","1967","°C","0.219","E","Estimated value"
"ET","Temperature change on land","021","Northern America","7271","Temperature change","7019","Sep–Oct–Nov","1968","1968","°C","0.678","E","Estimated value"
"ET","Temperature change on land","021","Northern America","7271","Temperature change","7019","Sep–Oct–Nov","1969","1969","°C","-0.005","E","Estimated value"
"ET","Temperature change on land","021","Northern America","7271","Temperature change","7019","Sep–Oct–Nov","1970","1970","°C","-0.142","E","Estimated value"
"ET","Temperature change on land","021","Northern America","7271","Temperature change","7019","Sep–Oct–Nov","1971","1971","°C","0.174","E","Estimated value"
"ET","Temperature change on land","021","Northern America","7271","Temperature change","7019","Sep–Oct–Nov","1972","1972","°C","-1.421","E","Estimated value"
"ET","Temperature change on land","021","Northern America","7271","Temperature change","7019","Sep–Oct–Nov","1973","1973","°C","0.333","E","Estimated value"
"ET","Temperature change on land","021","Northern America","7271","Temperature change","7019","Sep–Oct–Nov","1974","1974","°C","-0.534","E","Estimated value"
"ET","Temperature change on land","021","Northern America","7271","Temperature change","7019","Sep–Oct–Nov","1975","1975","°C","-0.178","E","Estimated value"
"ET","Temperature change on land","021","Northern America","7271","Temperature change","7019","Sep–Oct–Nov","1976","1976","°C","-0.302","E","Estimated value"
"ET","Temperature change on land","021","Northern America","7271","Temperature change","7019","Sep–Oct–Nov","1977","1977","°C","0.494","E","Estimated value"
"ET","Temperature change on land","021","Northern America","7271","Temperature change","7019","Sep–Oct–Nov","1978","1978","°C","-0.767","E","Estimated value"
"ET","Temperature change on land","021","Northern America","7271","Temperature change","7019","Sep–Oct–Nov","1979","1979","°C","0.687","E","Estimated value"
"ET","Temperature change on land","021","Northern America","7271","Temperature change","7019","Sep–Oct–Nov","1980","1980","°C","0.252","E","Estimated value"
"ET","Temperature change on land","021","Northern America","7271","Temperature change","7019","Sep–Oct–Nov","1981","1981","°C","0.946","E","Estimated value"
"ET","Temperature change on land","021","Northern America","7271","Temperature change","7019","Sep–Oct–Nov","1982","1982","°C","-0.518","E","Estimated value"
"ET","Temperature change on land","021","Northern America","7271","Temperature change","7019","Sep–Oct–Nov","1983","1983","°C","0.771","E","Estimated value"
"ET","Temperature change on land","021","Northern America","7271","Temperature change","7019","Sep–Oct–Nov","1984","1984","°C","-0.608","E","Estimated value"
"ET","Temperature change on land","021","Northern America","7271","Temperature change","7019","Sep–Oct–Nov","1985","1985","°C","-1.003","E","Estimated value"
"ET","Temperature change on land","021","Northern America","7271","Temperature change","7019","Sep–Oct–Nov","1986","1986","°C","-1.207","E","Estimated value"
"ET","Temperature change on land","021","Northern America","7271","Temperature change","7019","Sep–Oct–Nov","1987","1987","°C","0.828","E","Estimated value"
"ET","Temperature change on land","021","Northern America","7271","Temperature change","7019","Sep–Oct–Nov","1988","1988","°C","0.152","E","Estimated value"
"ET","Temperature change on land","021","Northern America","7271","Temperature change","7019","Sep–Oct–Nov","1989","1989","°C","-0.392","E","Estimated value"
"ET","Temperature change on land","021","Northern America","7271","Temperature change","7019","Sep–Oct–Nov","1990","1990","°C","-0.26","E","Estimated value"
"ET","Temperature change on land","021","Northern America","7271","Temperature change","7019","Sep–Oct–Nov","1991","1991","°C","-0.384","E","Estimated value"
"ET","Temperature change on land","021","Northern America","7271","Temperature change","7019","Sep–Oct–Nov","1992","1992","°C","-0.394","E","Estimated value"
"ET","Temperature change on land","021","Northern America","7271","Temperature change","7019","Sep–Oct–Nov","1993","1993","°C","-0.514","E","Estimated value"
"ET","Temperature change on land","021","Northern America","7271","Temperature change","7019","Sep–Oct–Nov","1994","1994","°C","0.807","E","Estimated value"
"ET","Temperature change on land","021","Northern America","7271","Temperature change","7019","Sep–Oct–Nov","1995","1995","°C","0.118","E","Estimated value"
"ET","Temperature change on land","021","Northern America","7271","Temperature change","7019","Sep–Oct–Nov","1996","1996","°C","-0.559","E","Estimated value"
"ET","Temperature change on land","021","Northern America","7271","Temperature change","7019","Sep–Oct–Nov","1997","1997","°C","0.514","E","Estimated value"
"ET","Temperature change on land","021","Northern America","7271","Temperature change","7019","Sep–Oct–Nov","1998","1998","°C","1.978","E","Estimated value"
"ET","Temperature change on land","021","Northern America","7271","Temperature change","7019","Sep–Oct–Nov","1999","1999","°C","0.974","E","Estimated value"
"ET","Temperature change on land","021","Northern America","7271","Temperature change","7019","Sep–Oct–Nov","2000","2000","°C","0.383","E","Estimated value"
"ET","Temperature change on land","021","Northern America","7271","Temperature change","7019","Sep–Oct–Nov","2001","2001","°C","1.281","E","Estimated value"
"ET","Temperature change on land","021","Northern America","7271","Temperature change","7019","Sep–Oct–Nov","2002","2002","°C","0.753","E","Estimated value"
"ET","Temperature change on land","021","Northern America","7271","Temperature change","7019","Sep–Oct–Nov","2003","2003","°C","1.232","E","Estimated value"
"ET","Temperature change on land","021","Northern America","7271","Temperature change","7019","Sep–Oct–Nov","2004","2004","°C","0.734","E","Estimated value"
"ET","Temperature change on land","021","Northern America","7271","Temperature change","7019","Sep–Oct–Nov","2005","2005","°C","1.449","E","Estimated value"
"ET","Temperature change on land","021","Northern America","7271","Temperature change","7019","Sep–Oct–Nov","2006","2006","°C","0.664","E","Estimated value"
"ET","Temperature change on land","021","Northern America","7271","Temperature change","7019","Sep–Oct–Nov","2007","2007","°C","0.925","E","Estimated value"
"ET","Temperature change on land","021","Northern America","7271","Temperature change","7019","Sep–Oct–Nov","2008","2008","°C","0.924","E","Estimated value"
"ET","Temperature change on land","021","Northern America","7271","Temperature change","7019","Sep–Oct–Nov","2009","2009","°C","1.192","E","Estimated value"
"ET","Temperature change on land","021","Northern America","7271","Temperature change","7019","Sep–Oct–Nov","2010","2010","°C","1.768","E","Estimated value"
"ET","Temperature change on land","021","Northern America","7271","Temperature change","7019","Sep–Oct–Nov","2011","2011","°C","1.423","E","Estimated value"
"ET","Temperature change on land","021","Northern America","7271","Temperature change","7019","Sep–Oct–Nov","2012","2012","°C","0.756","E","Estimated value"
"ET","Temperature change on land","021","Northern America","7271","Temperature change","7019","Sep–Oct–Nov","2013","2013","°C","0.91","E","Estimated value"
"ET","Temperature change on land","021","Northern America","7271","Temperature change","7019","Sep–Oct–Nov","2014","2014","°C","0.528","E","Estimated value"
"ET","Temperature change on land","021","Northern America","7271","Temperature change","7019","Sep–Oct–Nov","2015","2015","°C","1.687","E","Estimated value"
"ET","Temperature change on land","021","Northern America","7271","Temperature change","7019","Sep–Oct–Nov","2016","2016","°C","2.209","E","Estimated value"
"ET","Temperature change on land","021","Northern America","7271","Temperature change","7019","Sep–Oct–Nov","2017","2017","°C","1.186","E","Estimated value"
"ET","Temperature change on land","021","Northern America","7271","Temperature change","7019","Sep–Oct–Nov","2018","2018","°C","-0.21","E","Estimated value"
"ET","Temperature change on land","021","Northern America","7271","Temperature change","7019","Sep–Oct–Nov","2019","2019","°C","1.221","E","Estimated value"
"ET","Temperature change on land","021","Northern America","7271","Temperature change","7019","Sep–Oct–Nov","2020","2020","°C","0.863","E","Estimated value"
"ET","Temperature change on land","021","Northern America","7271","Temperature change","7019","Sep–Oct–Nov","2021","2021","°C","2.317","E","Estimated value"
"ET","Temperature change on land","021","Northern America","7271","Temperature change","7019","Sep–Oct–Nov","2022","2022","°C","1.553","E","Estimated value"
"ET","Temperature change on land","021","Northern America","7271","Temperature change","7019","Sep–Oct–Nov","2023","2023","°C","2.552","E","Estimated value"
"ET","Temperature change on land","021","Northern America","7271","Temperature change","7019","Sep–Oct–Nov","2024","2024","°C","2.923","E","Estimated value"
"ET","Temperature change on land","021","Northern America","7271","Temperature change","7019","Sep–Oct–Nov","2025","2025","°C","3.32","E","Estimated value"
"ET","Temperature change on land","021","Northern America","6078","Standard Deviation","7019","Sep–Oct–Nov","1961","1961","°C","0.618","E","Estimated value"
"ET","Temperature change on land","021","Northern America","6078","Standard Deviation","7019","Sep–Oct–Nov","1962","1962","°C","0.618","E","Estimated value"
"ET","Temperature change on land","021","Northern America","6078","Standard Deviation","7019","Sep–Oct–Nov","1963","1963","°C","0.618","E","Estimated value"
"ET","Temperature change on land","021","Northern America","6078","Standard Deviation","7019","Sep–Oct–Nov","1964","1964","°C","0.618","E","Estimated value"
"ET","Temperature change on land","021","Northern America","6078","Standard Deviation","7019","Sep–Oct–Nov","1965","1965","°C","0.618","E","Estimated value"
"ET","Temperature change on land","021","Northern America","6078","Standard Deviation","7019","Sep–Oct–Nov","1966","1966","°C","0.618","E","Estimated value"
"ET","Temperature change on land","021","Northern America","6078","Standard Deviation","7019","Sep–Oct–Nov","1967","1967","°C","0.618","E","Estimated value"
"ET","Temperature change on land","021","Northern America","6078","Standard Deviation","7019","Sep–Oct–Nov","1968","1968","°C","0.618","E","Estimated value"
"ET","Temperature change on land","021","Northern America","6078","Standard Deviation","7019","Sep–Oct–Nov","1969","1969","°C","0.618","E","Estimated value"
"ET","Temperature change on land","021","Northern America","6078","Standard Deviation","7019","Sep–Oct–Nov","1970","1970","°C","0.618","E","Estimated value"
"ET","Temperature change on land","021","Northern America","6078","Standard Deviation","7019","Sep–Oct–Nov","1971","1971","°C","0.618","E","Estimated value"
"ET","Temperature change on land","021","Northern America","6078","Standard Deviation","7019","Sep–Oct–Nov","1972","1972","°C","0.618","E","Estimated value"
"ET","Temperature change on land","021","Northern America","6078","Standard Deviation","7019","Sep–Oct–Nov","1973","1973","°C","0.618","E","Estimated value"
"ET","Temperature change on land","021","Northern America","6078","Standard Deviation","7019","Sep–Oct–Nov","1974","1974","°C","0.618","E","Estimated value"
"ET","Temperature change on land","021","Northern America","6078","Standard Deviation","7019","Sep–Oct–Nov","1975","1975","°C","0.618","E","Estimated value"
"ET","Temperature change on land","021","Northern America","6078","Standard Deviation","7019","Sep–Oct–Nov","1976","1976","°C","0.618","E","Estimated value"
"ET","Temperature change on land","021","Northern America","6078","Standard Deviation","7019","Sep–Oct–Nov","1977","1977","°C","0.618","E","Estimated value"
"ET","Temperature change on land","021","Northern America","6078","Standard Deviation","7019","Sep–Oct–Nov","1978","1978","°C","0.618","E","Estimated value"
"ET","Temperature change on land","021","Northern America","6078","Standard Deviation","7019","Sep–Oct–Nov","1979","1979","°C","0.618","E","Estimated value"
"ET","Temperature change on land","021","Northern America","6078","Standard Deviation","7019","Sep–Oct–Nov","1980","1980","°C","0.618","E","Estimated value"
"ET","Temperature change on land","021","Northern America","6078","Standard Deviation","7019","Sep–Oct–Nov","1981","1981","°C","0.618","E","Estimated value"
"ET","Temperature change on land","021","Northern America","6078","Standard Deviation","7019","Sep–Oct–Nov","1982","1982","°C","0.618","E","Estimated value"
"ET","Temperature change on land","021","Northern America","6078","Standard Deviation","7019","Sep–Oct–Nov","1983","1983","°C","0.618","E","Estimated value"
"ET","Temperature change on land","021","Northern America","6078","Standard Deviation","7019","Sep–Oct–Nov","1984","1984","°C","0.618","E","Estimated value"
"ET","Temperature change on land","021","Northern America","6078","Standard Deviation","7019","Sep–Oct–Nov","1985","1985","°C","0.618","E","Estimated value"
"ET","Temperature change on land","021","Northern America","6078","Standard Deviation","7019","Sep–Oct–Nov","1986","1986","°C","0.618","E","Estimated value"
"ET","Temperature change on land","021","Northern America","6078","Standard Deviation","7019","Sep–Oct–Nov","1987","1987","°C","0.618","E","Estimated value"
"ET","Temperature change on land","021","Northern America","6078","Standard Deviation","7019","Sep–Oct–Nov","1988","1988","°C","0.618","E","Estimated value"
"ET","Temperature change on land","021","Northern America","6078","Standard Deviation","7019","Sep–Oct–Nov","1989","1989","°C","0.618","E","Estimated value"
"ET","Temperature change on land","021","Northern America","6078","Standard Deviation","7019","Sep–Oct–Nov","1990","1990","°C","0.618","E","Estimated value"
"ET","Temperature change on land","021","Northern America","6078","Standard Deviation","7019","Sep–Oct–Nov","1991","1991","°C","0.618","E","Estimated value"
"ET","Temperature change on land","021","Northern America","6078","Standard Deviation","7019","Sep–Oct–Nov","1992","1992","°C","0.618","E","Estimated value"
"ET","Temperature change on land","021","Northern America","6078","Standard Deviation","7019","Sep–Oct–Nov","1993","1993","°C","0.618","E","Estimated value"
"ET","Temperature change on land","021","Northern America","6078","Standard Deviation","7019","Sep–Oct–Nov","1994","1994","°C","0.618","E","Estimated value"
"ET","Temperature change on land","021","Northern America","6078","Standard Deviation","7019","Sep–Oct–Nov","1995","1995","°C","0.618","E","Estimated value"
"ET","Temperature change on land","021","Northern America","6078","Standard Deviation","7019","Sep–Oct–Nov","1996","1996","°C","0.618","E","Estimated value"
"ET","Temperature change on land","021","Northern America","6078","Standard Deviation","7019","Sep–Oct–Nov","1997","1997","°C","0.618","E","Estimated value"
"ET","Temperature change on land","021","Northern America","6078","Standard Deviation","7019","Sep–Oct–Nov","1998","1998","°C","0.618","E","Estimated value"
"ET","Temperature change on land","021","Northern America","6078","Standard Deviation","7019","Sep–Oct–Nov","1999","1999","°C","0.618","E","Estimated value"
"ET","Temperature change on land","021","Northern America","6078","Standard Deviation","7019","Sep–Oct–Nov","2000","2000","°C","0.618","E","Estimated value"
"ET","Temperature change on land","021","Northern America","6078","Standard Deviation","7019","Sep–Oct–Nov","2001","2001","°C","0.618","E","Estimated value"
"ET","Temperature change on land","021","Northern America","6078","Standard Deviation","7019","Sep–Oct–Nov","2002","2002","°C","0.618","E","Estimated value"
"ET","Temperature change on land","021","Northern America","6078","Standard Deviation","7019","Sep–Oct–Nov","2003","2003","°C","0.618","E","Estimated value"
"ET","Temperature change on land","021","Northern America","6078","Standard Deviation","7019","Sep–Oct–Nov","2004","2004","°C","0.618","E","Estimated value"
"ET","Temperature change on land","021","Northern America","6078","Standard Deviation","7019","Sep–Oct–Nov","2005","2005","°C","0.618","E","Estimated value"
"ET","Temperature change on land","021","Northern America","6078","Standard Deviation","7019","Sep–Oct–Nov","2006","2006","°C","0.618","E","Estimated value"
"ET","Temperature change on land","021","Northern America","6078","Standard Deviation","7019","Sep–Oct–Nov","2007","2007","°C","0.618","E","Estimated value"
"ET","Temperature change on land","021","Northern America","6078","Standard Deviation","7019","Sep–Oct–Nov","2008","2008","°C","0.618","E","Estimated value"
"ET","Temperature change on land","021","Northern America","6078","Standard Deviation","7019","Sep–Oct–Nov","2009","2009","°C","0.618","E","Estimated value"
"ET","Temperature change on land","021","Northern America","6078","Standard Deviation","7019","Sep–Oct–Nov","2010","2010","°C","0.618","E","Estimated value"
"ET","Temperature change on land","021","Northern America","6078","Standard Deviation","7019","Sep–Oct–Nov","2011","2011","°C","0.618","E","Estimated value"
"ET","Temperature change on land","021","Northern America","6078","Standard Deviation","7019","Sep–Oct–Nov","2012","2012","°C","0.618","E","Estimated value"
"ET","Temperature change on land","021","Northern America","6078","Standard Deviation","7019","Sep–Oct–Nov","2013","2013","°C","0.618","E","Estimated value"
"ET","Temperature change on land","021","Northern America","6078","Standard Deviation","7019","Sep–Oct–Nov","2014","2014","°C","0.618","E","Estimated value"
"ET","Temperature change on land","021","Northern America","6078","Standard Deviation","7019","Sep–Oct–Nov","2015","2015","°C","0.618","E","Estimated value"
"ET","Temperature change on land","021","Northern America","6078","Standard Deviation","7019","Sep–Oct–Nov","2016","2016","°C","0.618","E","Estimated value"
"ET","Temperature change on land","021","Northern America","6078","Standard Deviation","7019","Sep–Oct–Nov","2017","2017","°C","0.618","E","Estimated value"
"ET","Temperature change on land","021","Northern America","6078","Standard Deviation","7019","Sep–Oct–Nov","2018","2018","°C","0.618","E","Estimated value"
"ET","Temperature change on land","021","Northern America","6078","Standard Deviation","7019","Sep–Oct–Nov","2019","2019","°C","0.618","E","Estimated value"
"ET","Temperature change on land","021","Northern America","6078","Standard Deviation","7019","Sep–Oct–Nov","2020","2020","°C","0.618","E","Estimated value"
"ET","Temperature change on land","021","Northern America","6078","Standard Deviation","7019","Sep–Oct–Nov","2021","2021","°C","0.618","E","Estimated value"
"ET","Temperature change on land","021","Northern America","6078","Standard Deviation","7019","Sep–Oct–Nov","2022","2022","°C","0.618","E","Estimated value"
"ET","Temperature change on land","021","Northern America","6078","Standard Deviation","7019","Sep–Oct–Nov","2023","2023","°C","0.618","E","Estimated value"
"ET","Temperature change on land","021","Northern America","6078","Standard Deviation","7019","Sep–Oct–Nov","2024","2024","°C","0.618","E","Estimated value"
"ET","Temperature change on land","021","Northern America","6078","Standard Deviation","7019","Sep–Oct–Nov","2025","2025","°C","0.618","E","Estimated value"
"ET","Temperature change on land","021","Northern America","7271","Temperature change","7020","Meteorological year","1961","1961","°C","0.021","E","Estimated value"
"ET","Temperature change on land","021","Northern America","7271","Temperature change","7020","Meteorological year","1962","1962","°C","-0.076","E","Estimated value"
"ET","Temperature change on land","021","Northern America","7271","Temperature change","7020","Meteorological year","1963","1963","°C","0.37","E","Estimated value"
"ET","Temperature change on land","021","Northern America","7271","Temperature change","7020","Meteorological year","1964","1964","°C","-0.285","E","Estimated value"
"ET","Temperature change on land","021","Northern America","7271","Temperature change","7020","Meteorological year","1965","1965","°C","-0.656","E","Estimated value"
"ET","Temperature change on land","021","Northern America","7271","Temperature change","7020","Meteorological year","1966","1966","°C","-0.186","E","Estimated value"
"ET","Temperature change on land","021","Northern America","7271","Temperature change","7020","Meteorological year","1967","1967","°C","-0.256","E","Estimated value"
"ET","Temperature change on land","021","Northern America","7271","Temperature change","7020","Meteorological year","1968","1968","°C","0.256","E","Estimated value"
"ET","Temperature change on land","021","Northern America","7271","Temperature change","7020","Meteorological year","1969","1969","°C","-0.105","E","Estimated value"
"ET","Temperature change on land","021","Northern America","7271","Temperature change","7020","Meteorological year","1970","1970","°C","0.252","E","Estimated value"
"ET","Temperature change on land","021","Northern America","7271","Temperature change","7020","Meteorological year","1971","1971","°C","-0.175","E","Estimated value"
"ET","Temperature change on land","021","Northern America","7271","Temperature change","7020","Meteorological year","1972","1972","°C","-1.201","E","Estimated value"
"ET","Temperature change on land","021","Northern America","7271","Temperature change","7020","Meteorological year","1973","1973","°C","0.176","E","Estimated value"
"ET","Temperature change on land","021","Northern America","7271","Temperature change","7020","Meteorological year","1974","1974","°C","-0.467","E","Estimated value"
"ET","Temperature change on land","021","Northern America","7271","Temperature change","7020","Meteorological year","1975","1975","°C","-0.01","E","Estimated value"
"ET","Temperature change on land","021","Northern America","7271","Temperature change","7020","Meteorological year","1976","1976","°C","0.008","E","Estimated value"
"ET","Temperature change on land","021","Northern America","7271","Temperature change","7020","Meteorological year","1977","1977","°C","0.825","E","Estimated value"
"ET","Temperature change on land","021","Northern America","7271","Temperature change","7020","Meteorological year","1978","1978","°C","-0.359","E","Estimated value"
"ET","Temperature change on land","021","Northern America","7271","Temperature change","7020","Meteorological year","1979","1979","°C","-0.243","E","Estimated value"
"ET","Temperature change on land","021","Northern America","7271","Temperature change","7020","Meteorological year","1980","1980","°C","0.736","E","Estimated value"
"ET","Temperature change on land","021","Northern America","7271","Temperature change","7020","Meteorological year","1981","1981","°C","1.275","E","Estimated value"
"ET","Temperature change on land","021","Northern America","7271","Temperature change","7020","Meteorological year","1982","1982","°C","-0.547","E","Estimated value"
"ET","Temperature change on land","021","Northern America","7271","Temperature change","7020","Meteorological year","1983","1983","°C","0.475","E","Estimated value"
"ET","Temperature change on land","021","Northern America","7271","Temperature change","7020","Meteorological year","1984","1984","°C","0.099","E","Estimated value"
"ET","Temperature change on land","021","Northern America","7271","Temperature change","7020","Meteorological year","1985","1985","°C","-0.179","E","Estimated value"
"ET","Temperature change on land","021","Northern America","7271","Temperature change","7020","Meteorological year","1986","1986","°C","0.232","E","Estimated value"
"ET","Temperature change on land","021","Northern America","7271","Temperature change","7020","Meteorological year","1987","1987","°C","1.166","E","Estimated value"
"ET","Temperature change on land","021","Northern America","7271","Temperature change","7020","Meteorological year","1988","1988","°C","0.921","E","Estimated value"
"ET","Temperature change on land","021","Northern America","7271","Temperature change","7020","Meteorological year","1989","1989","°C","0.103","E","Estimated value"
"ET","Temperature change on land","021","Northern America","7271","Temperature change","7020","Meteorological year","1990","1990","°C","0.288","E","Estimated value"
"ET","Temperature change on land","021","Northern America","7271","Temperature change","7020","Meteorological year","1991","1991","°C","0.399","E","Estimated value"
"ET","Temperature change on land","021","Northern America","7271","Temperature change","7020","Meteorological year","1992","1992","°C","0.187","E","Estimated value"
"ET","Temperature change on land","021","Northern America","7271","Temperature change","7020","Meteorological year","1993","1993","°C","0.19","E","Estimated value"
"ET","Temperature change on land","021","Northern America","7271","Temperature change","7020","Meteorological year","1994","1994","°C","0.447","E","Estimated value"
"ET","Temperature change on land","021","Northern America","7271","Temperature change","7020","Meteorological year","1995","1995","°C","0.809","E","Estimated value"
"ET","Temperature change on land","021","Northern America","7271","Temperature change","7020","Meteorological year","1996","1996","°C","-0.068","E","Estimated value"
"ET","Temperature change on land","021","Northern America","7271","Temperature change","7020","Meteorological year","1997","1997","°C","0.413","E","Estimated value"
"ET","Temperature change on land","021","Northern America","7271","Temperature change","7020","Meteorological year","1998","1998","°C","2.008","E","Estimated value"
"ET","Temperature change on land","021","Northern America","7271","Temperature change","7020","Meteorological year","1999","1999","°C","1.33","E","Estimated value"
"ET","Temperature change on land","021","Northern America","7271","Temperature change","7020","Meteorological year","2000","2000","°C","1.178","E","Estimated value"
"ET","Temperature change on land","021","Northern America","7271","Temperature change","7020","Meteorological year","2001","2001","°C","1.182","E","Estimated value"
"ET","Temperature change on land","021","Northern America","7271","Temperature change","7020","Meteorological year","2002","2002","°C","0.703","E","Estimated value"
"ET","Temperature change on land","021","Northern America","7271","Temperature change","7020","Meteorological year","2003","2003","°C","1.167","E","Estimated value"
"ET","Temperature change on land","021","Northern America","7271","Temperature change","7020","Meteorological year","2004","2004","°C","0.644","E","Estimated value"
"ET","Temperature change on land","021","Northern America","7271","Temperature change","7020","Meteorological year","2005","2005","°C","1.243","E","Estimated value"
"ET","Temperature change on land","021","Northern America","7271","Temperature change","7020","Meteorological year","2006","2006","°C","1.847","E","Estimated value"
"ET","Temperature change on land","021","Northern America","7271","Temperature change","7020","Meteorological year","2007","2007","°C","1.264","E","Estimated value"
"ET","Temperature change on land","021","Northern America","7271","Temperature change","7020","Meteorological year","2008","2008","°C","0.617","E","Estimated value"
"ET","Temperature change on land","021","Northern America","7271","Temperature change","7020","Meteorological year","2009","2009","°C","0.498","E","Estimated value"
"ET","Temperature change on land","021","Northern America","7271","Temperature change","7020","Meteorological year","2010","2010","°C","2.09","E","Estimated value"
"ET","Temperature change on land","021","Northern America","7271","Temperature change","7020","Meteorological year","2011","2011","°C","1.112","E","Estimated value"
"ET","Temperature change on land","021","Northern America","7271","Temperature change","7020","Meteorological year","2012","2012","°C","1.877","E","Estimated value"
"ET","Temperature change on land","021","Northern America","7271","Temperature change","7020","Meteorological year","2013","2013","°C","0.983","E","Estimated value"
"ET","Temperature change on land","021","Northern America","7271","Temperature change","7020","Meteorological year","2014","2014","°C","0.393","E","Estimated value"
"ET","Temperature change on land","021","Northern America","7271","Temperature change","7020","Meteorological year","2015","2015","°C","1.345","E","Estimated value"
"ET","Temperature change on land","021","Northern America","7271","Temperature change","7020","Meteorological year","2016","2016","°C","2.332","E","Estimated value"
"ET","Temperature change on land","021","Northern America","7271","Temperature change","7020","Meteorological year","2017","2017","°C","1.476","E","Estimated value"
"ET","Temperature change on land","021","Northern America","7271","Temperature change","7020","Meteorological year","2018","2018","°C","0.792","E","Estimated value"
"ET","Temperature change on land","021","Northern America","7271","Temperature change","7020","Meteorological year","2019","2019","°C","1.205","E","Estimated value"
"ET","Temperature change on land","021","Northern America","7271","Temperature change","7020","Meteorological year","2020","2020","°C","1.197","E","Estimated value"
"ET","Temperature change on land","021","Northern America","7271","Temperature change","7020","Meteorological year","2021","2021","°C","1.997","E","Estimated value"
"ET","Temperature change on land","021","Northern America","7271","Temperature change","7020","Meteorological year","2022","2022","°C","1.238","E","Estimated value"
"ET","Temperature change on land","021","Northern America","7271","Temperature change","7020","Meteorological year","2023","2023","°C","1.891","E","Estimated value"
"ET","Temperature change on land","021","Northern America","7271","Temperature change","7020","Meteorological year","2024","2024","°C","2.794","E","Estimated value"
"ET","Temperature change on land","021","Northern America","7271","Temperature change","7020","Meteorological year","2025","2025","°C","2.488","E","Estimated value"
"ET","Temperature change on land","021","Northern America","6078","Standard Deviation","7020","Meteorological year","1961","1961","°C","0.466","E","Estimated value"
"ET","Temperature change on land","021","Northern America","6078","Standard Deviation","7020","Meteorological year","1962","1962","°C","0.466","E","Estimated value"
"ET","Temperature change on land","021","Northern America","6078","Standard Deviation","7020","Meteorological year","1963","1963","°C","0.466","E","Estimated value"
"ET","Temperature change on land","021","Northern America","6078","Standard Deviation","7020","Meteorological year","1964","1964","°C","0.466","E","Estimated value"
"ET","Temperature change on land","021","Northern America","6078","Standard Deviation","7020","Meteorological year","1965","1965","°C","0.466","E","Estimated value"
"ET","Temperature change on land","021","Northern America","6078","Standard Deviation","7020","Meteorological year","1966","1966","°C","0.466","E","Estimated value"
"ET","Temperature change on land","021","Northern America","6078","Standard Deviation","7020","Meteorological year","1967","1967","°C","0.466","E","Estimated value"
"ET","Temperature change on land","021","Northern America","6078","Standard Deviation","7020","Meteorological year","1968","1968","°C","0.466","E","Estimated value"
"ET","Temperature change on land","021","Northern America","6078","Standard Deviation","7020","Meteorological year","1969","1969","°C","0.466","E","Estimated value"
"ET","Temperature change on land","021","Northern America","6078","Standard Deviation","7020","Meteorological year","1970","1970","°C","0.466","E","Estimated value"
"ET","Temperature change on land","021","Northern America","6078","Standard Deviation","7020","Meteorological year","1971","1971","°C","0.466","E","Estimated value"
"ET","Temperature change on land","021","Northern America","6078","Standard Deviation","7020","Meteorological year","1972","1972","°C","0.466","E","Estimated value"
"ET","Temperature change on land","021","Northern America","6078","Standard Deviation","7020","Meteorological year","1973","1973","°C","0.466","E","Estimated value"
"ET","Temperature change on land","021","Northern America","6078","Standard Deviation","7020","Meteorological year","1974","1974","°C","0.466","E","Estimated value"
"ET","Temperature change on land","021","Northern America","6078","Standard Deviation","7020","Meteorological year","1975","1975","°C","0.466","E","Estimated value"
"ET","Temperature change on land","021","Northern America","6078","Standard Deviation","7020","Meteorological year","1976","1976","°C","0.466","E","Estimated value"
"ET","Temperature change on land","021","Northern America","6078","Standard Deviation","7020","Meteorological year","1977","1977","°C","0.466","E","Estimated value"
"ET","Temperature change on land","021","Northern America","6078","Standard Deviation","7020","Meteorological year","1978","1978","°C","0.466","E","Estimated value"
"ET","Temperature change on land","021","Northern America","6078","Standard Deviation","7020","Meteorological year","1979","1979","°C","0.466","E","Estimated value"
"ET","Temperature change on land","021","Northern America","6078","Standard Deviation","7020","Meteorological year","1980","1980","°C","0.466","E","Estimated value"
"ET","Temperature change on land","021","Northern America","6078","Standard Deviation","7020","Meteorological year","1981","1981","°C","0.466","E","Estimated value"
"ET","Temperature change on land","021","Northern America","6078","Standard Deviation","7020","Meteorological year","1982","1982","°C","0.466","E","Estimated value"
"ET","Temperature change on land","021","Northern America","6078","Standard Deviation","7020","Meteorological year","1983","1983","°C","0.466","E","Estimated value"
"ET","Temperature change on land","021","Northern America","6078","Standard Deviation","7020","Meteorological year","1984","1984","°C","0.466","E","Estimated value"
"ET","Temperature change on land","021","Northern America","6078","Standard Deviation","7020","Meteorological year","1985","1985","°C","0.466","E","Estimated value"
"ET","Temperature change on land","021","Northern America","6078","Standard Deviation","7020","Meteorological year","1986","1986","°C","0.466","E","Estimated value"
"ET","Temperature change on land","021","Northern America","6078","Standard Deviation","7020","Meteorological year","1987","1987","°C","0.466","E","Estimated value"
"ET","Temperature change on land","021","Northern America","6078","Standard Deviation","7020","Meteorological year","1988","1988","°C","0.466","E","Estimated value"
"ET","Temperature change on land","021","Northern America","6078","Standard Deviation","7020","Meteorological year","1989","1989","°C","0.466","E","Estimated value"
"ET","Temperature change on land","021","Northern America","6078","Standard Deviation","7020","Meteorological year","1990","1990","°C","0.466","E","Estimated value"
"ET","Temperature change on land","021","Northern America","6078","Standard Deviation","7020","Meteorological year","1991","1991","°C","0.466","E","Estimated value"
"ET","Temperature change on land","021","Northern America","6078","Standard Deviation","7020","Meteorological year","1992","1992","°C","0.466","E","Estimated value"
"ET","Temperature change on land","021","Northern America","6078","Standard Deviation","7020","Meteorological year","1993","1993","°C","0.466","E","Estimated value"
"ET","Temperature change on land","021","Northern America","6078","Standard Deviation","7020","Meteorological year","1994","1994","°C","0.466","E","Estimated value"
"ET","Temperature change on land","021","Northern America","6078","Standard Deviation","7020","Meteorological year","1995","1995","°C","0.466","E","Estimated value"
"ET","Temperature change on land","021","Northern America","6078","Standard Deviation","7020","Meteorological year","1996","1996","°C","0.466","E","Estimated value"
"ET","Temperature change on land","021","Northern America","6078","Standard Deviation","7020","Meteorological year","1997","1997","°C","0.466","E","Estimated value"
"ET","Temperature change on land","021","Northern America","6078","Standard Deviation","7020","Meteorological year","1998","1998","°C","0.466","E","Estimated value"
"ET","Temperature change on land","021","Northern America","6078","Standard Deviation","7020","Meteorological year","1999","1999","°C","0.466","E","Estimated value"
"ET","Temperature change on land","021","Northern America","6078","Standard Deviation","7020","Meteorological year","2000","2000","°C","0.466","E","Estimated value"
"ET","Temperature change on land","021","Northern America","6078","Standard Deviation","7020","Meteorological year","2001","2001","°C","0.466","E","Estimated value"
"ET","Temperature change on land","021","Northern America","6078","Standard Deviation","7020","Meteorological year","2002","2002","°C","0.466","E","Estimated value"
"ET","Temperature change on land","021","Northern America","6078","Standard Deviation","7020","Meteorological year","2003","2003","°C","0.466","E","Estimated value"
"ET","Temperature change on land","021","Northern America","6078","Standard Deviation","7020","Meteorological year","2004","2004","°C","0.466","E","Estimated value"
"ET","Temperature change on land","021","Northern America","6078","Standard Deviation","7020","Meteorological year","2005","2005","°C","0.466","E","Estimated value"
"ET","Temperature change on land","021","Northern America","6078","Standard Deviation","7020","Meteorological year","2006","2006","°C","0.466","E","Estimated value"
"ET","Temperature change on land","021","Northern America","6078","Standard Deviation","7020","Meteorological year","2007","2007","°C","0.466","E","Estimated value"
"ET","Temperature change on land","021","Northern America","6078","Standard Deviation","7020","Meteorological year","2008","2008","°C","0.466","E","Estimated value"
"ET","Temperature change on land","021","Northern America","6078","Standard Deviation","7020","Meteorological year","2009","2009","°C","0.466","E","Estimated value"
"ET","Temperature change on land","021","Northern America","6078","Standard Deviation","7020","Meteorological year","2010","2010","°C","0.466","E","Estimated value"
"ET","Temperature change on land","021","Northern America","6078","Standard Deviation","7020","Meteorological year","2011","2011","°C","0.466","E","Estimated value"
"ET","Temperature change on land","021","Northern America","6078","Standard Deviation","7020","Meteorological year","2012","2012","°C","0.466","E","Estimated value"
"ET","Temperature change on land","021","Northern America","6078","Standard Deviation","7020","Meteorological year","2013","2013","°C","0.466","E","Estimated value"
"ET","Temperature change on land","021","Northern America","6078","Standard Deviation","7020","Meteorological year","2014","2014","°C","0.466","E","Estimated value"
"ET","Temperature change on land","021","Northern America","6078","Standard Deviation","7020","Meteorological year","2015","2015","°C","0.466","E","Estimated value"
"ET","Temperature change on land","021","Northern America","6078","Standard Deviation","7020","Meteorological year","2016","2016","°C","0.466","E","Estimated value"
"ET","Temperature change on land","021","Northern America","6078","Standard Deviation","7020","Meteorological year","2017","2017","°C","0.466","E","Estimated value"
"ET","Temperature change on land","021","Northern America","6078","Standard Deviation","7020","Meteorological year","2018","2018","°C","0.466","E","Estimated value"
"ET","Temperature change on land","021","Northern America","6078","Standard Deviation","7020","Meteorological year","2019","2019","°C","0.466","E","Estimated value"
"ET","Temperature change on land","021","Northern America","6078","Standard Deviation","7020","Meteorological year","2020","2020","°C","0.466","E","Estimated value"
"ET","Temperature change on land","021","Northern America","6078","Standard Deviation","7020","Meteorological year","2021","2021","°C","0.466","E","Estimated value"
"ET","Temperature change on land","021","Northern America","6078","Standard Deviation","7020","Meteorological year","2022","2022","°C","0.466","E","Estimated value"
"ET","Temperature change on land","021","Northern America","6078","Standard Deviation","7020","Meteorological year","2023","2023","°C","0.466","E","Estimated value"
"ET","Temperature change on land","021","Northern America","6078","Standard Deviation","7020","Meteorological year","2024","2024","°C","0.466","E","Estimated value"
"ET","Temperature change on land","021","Northern America","6078","Standard Deviation","7020","Meteorological year","2025","2025","°C","0.466","E","Estimated value"
